EpochTime(s),TimeFromStart(s),right_prop_rate(rad/s),left_prop_rate(rad/s),LastDT(s),Yaw(rad),North(m),East(m),IMUSensedYawRate(rad/s),IMUIntegratedYaw(rad),IMUSensedTimeStamp(s),ARUCOSensedNorth(m),ARUCOSensedEast(m),ARUCOSensedYaw(rad),ArucoSensedTimeStamp(s),DepthTimeStamp(s),Depth(m),NavigationMode,APFEncounter,APFSide,APFDCPA(m),APFTCPA(s),APFForceX,APFForceY,NearestObstacleNorth(m),NearestObstacleEast(m),NearestObstacleDistance(m)
1782152730.748107,2.6167287826538086,-200.0,171.77715258015476,0.2,6.075719101852338,4.1578599020878695,1.7801392544376995,-5.574886099283198e-05,6.075709465370689,1782152730.730599,4.1578599020878695,1.7801392544376995,6.075720615142888, 1782152730.167618, 1782152730.763108,1.0500950043687087,track,none,0.0,nan,nan,0.0,0.0,4.8492575712559916,-1.4624732633149269,3.2716088321855197
1782152730.7781146,2.6467363834381104,-200.0,172.1142356213372,0.2,6.0768383711548974,4.184500063401572,1.7745620242693754,-5.574886099283198e-05,6.0756983155984905,1782152730.730599,None,None,None, None, 1782152730.763108,1.0500950043687087,track,none,0.0,nan,nan,0.0,0.0,4.8492575712559916,-1.4624732633149269,3.2716088321855197
1782152730.8787425,2.7473642826080322,-200.0,173.3798469746691,0.2,6.077013879969971,4.233318176369686,1.764420771467499,-0.010617050537559528,6.074226401394887,1782152730.8692358,None,None,None, None, 1782152730.8472264,1.0886518001181984,track,none,0.0,nan,nan,0.0,0.0,4.8492575712559916,-1.4624732633149269,3.2716088321855197
1782152730.9784436,2.8470654487609863,-200.0,175.20904945094688,0.2,6.076427935435401,4.293799393238775,1.7518549298486015,-0.015060560434706521,6.073003528716977,1782152730.9504328,None,None,None, None, 1782152730.9283886,1.0945441794272197,track,none,0.0,nan,nan,0.0,0.0,4.949260325825527,-1.49530618442539,3.2882772542493615
1782152731.0800915,2.9487133026123047,-200.0,178.0277085454818,0.2,6.073153935218486,4.358014180231978,1.738454585385206,-0.03625275814543468,6.069718267718009,1782152731.0410538,None,None,None, None, 1782152731.0890963,1.0687373142556138,track,none,0.0,nan,nan,0.0,0.0,4.999196761298692,-1.507204680450285,3.2936151210725244
1782152731.1795993,3.0482211112976074,-200.0,180.6386963193202,0.2,6.070496043088522,4.423230737884053,1.7245520299395423,-0.023983137927329486,6.067305626840164,1782152731.1416512,None,None,None, None, 1782152731.1720846,1.0469656360463973,track,none,0.0,nan,nan,0.0,0.0,5.041644501068648,-1.5226183494488505,3.2992150618904135
1782152731.2820883,3.150710105895996,-200.0,176.34870116533614,0.2,6.066152029132486,4.203294584831312,1.77065473735556,-0.02573241533996494,6.064683540206248,1782152731.2435493,4.197177427739526,1.7719462834983886,6.064920120932717, 1782152731.181104, 1782152731.2565494,0.9702362954048612,track,none,0.0,nan,nan,0.0,0.0,4.983509270887864,-1.515097502898688,3.29934039221464
1782152731.397311,3.26593279838562,-200.0,181.25486734775413,0.2,6.055037592824517,4.245671311787632,1.7612991639429367,-0.1320247256301733,6.054573678497935,1782152731.3201249,None,None,None, None, 1782152731.3555734,0.9768152808611136,track,none,0.0,nan,nan,0.0,0.0,4.983509270887864,-1.515097502898688,3.29934039221464
1782152731.4787202,3.347342014312744,-200.0,185.33754598338248,0.2,6.04752350377065,4.303925490324822,1.747481915145908,-0.02686001831321907,6.051022630310945,1782152731.4523306,None,None,None, None, 1782152731.4493265,0.9129070458685223,track,none,0.0,nan,nan,0.0,0.0,4.983509270887864,-1.515097502898688,3.29934039221464
1782152731.5794303,3.448052167892456,-200.0,188.746781531467,0.2,6.042373912701591,4.368237469131803,1.7318328467751254,-0.021493621866930067,6.04898954972216,1782152731.5469205,None,None,None, None, 1782152731.5459197,1.0571679767784656,track,none,0.0,nan,nan,0.0,0.0,4.963350520673955,-1.5277884408634033,3.310116383666275
1782152731.6817966,3.5504183769226074,-200.0,191.7711070481308,0.2,6.038377447547115,4.434159997131257,1.7155014611914954,-0.01966491380099817,6.047278727764317,1782152731.6339192,None,None,None, None, 1782152731.6384304,1.0695650509666401,track,none,0.0,nan,nan,0.0,0.0,4.963350520673955,-1.5277884408634033,3.310116383666275
1782152731.7795782,3.648200035095215,-200.0,194.71672831871894,0.2,6.034453943509607,4.500619091185014,1.6987892272853458,-0.022960638859083036,6.045358916256319,1782152731.7175324,None,None,None, None, 1782152731.7465568,1.0076352620622753,track,none,0.0,nan,nan,0.0,0.0,4.989891665017174,-1.5560620126739664,3.312980458238101
1782152731.895471,3.7640929222106934,-200.0,197.5946090703797,0.2,6.030550797088074,4.567413081670033,1.6817143939316601,-0.022741970709393895,6.043286613558356,1782152731.9009905,None,None,None, None, 1782152731.8411744,0.9156910457196046,track,none,0.0,nan,nan,0.0,0.0,4.989891665017174,-1.5560620126739664,3.312980458238101
1782152731.979171,3.847792863845825,-200.0,200.0,0.2,6.026917279765025,4.63450252413562,1.6642774062116032,-0.019493804788525953,6.039972451463527,1782152731.9786658,None,None,None, None, 1782152731.9380233,0.9883874640247652,track,none,0.0,nan,nan,0.0,0.0,5.045286187129197,-1.5898883833856097,3.3215781661716983
1782152732.0823116,3.9509334564208984,-198.64428507081413,200.0,0.2,6.02362423517995,4.701836817261996,1.6465138389483407,-0.016308000684879392,6.038902469095898,1782152732.0442767,None,None,None, None, 1782152732.0262444,0.9445805920924759,track,none,0.0,nan,nan,0.0,0.0,5.092337982373874,-1.6198654741610345,3.324246948312318
1782152732.1784139,4.0470356941223145,-195.71458563866568,200.0,0.2,6.019699799030092,4.7690099126685865,1.6285605122341416,-0.02236325832007127,6.036753528533512,1782152732.1403692,None,None,None, None, 1782152732.1328616,1.0299737774531903,track,none,0.0,nan,nan,0.0,0.0,5.128423509321833,-1.6396015450149575,3.3305442394791043
1782152732.2785754,4.147197246551514,-200.0,195.00060634136256,0.2,6.02102215020439,4.364076756579524,1.7328607217856262,-0.013037021957062874,6.03559775939197,1782152732.229022,4.3573569173588504,1.7346051404964988,6.027723648823137, 1782152732.193492, 1782152732.2160158,0.9422406260043366,track,none,0.0,nan,nan,0.0,0.0,5.166230924597608,-1.6583642774397807,3.32931465755019
1782152732.3797479,4.2483696937561035,-200.0,197.0754421182753,0.2,6.017650471582287,4.403908829850879,1.7221150175529214,-0.021308450532617686,6.032461076976366,1782152732.3762257,None,None,None, None, 1782152732.362221,1.0544475623760308,track,none,0.0,nan,nan,0.0,0.0,5.001388974842514,-1.6240747391802806,3.3303319123236546
1782152732.4814723,4.3500940799713135,-200.0,199.3945201199573,0.2,6.015096963477827,4.462322886111186,1.7061374211593616,-0.010912610034001404,6.031678316566773,1782152732.4479556,None,None,None, None, 1782152732.4479556,0.9286445975054824,track,none,0.0,nan,nan,0.0,0.0,4.9663234336506195,-1.6226037728652813,3.337993702500243
1782152732.5811512,4.449773073196411,-199.81671846608586,200.0,0.2,6.012732571289478,4.527767484887819,1.6880756189678507,-0.011711585404828757,6.030773671940582,1782152732.5251992,None,None,None, None, 1782152732.5936723,0.9405505668750519,track,none,0.0,nan,nan,0.0,0.0,4.949681279314092,-1.6246027923061486,3.340700095321589
1782152732.6791432,4.547765016555786,-197.3828058013877,200.0,0.2,6.010670434031126,4.594633790002274,1.6694566673724403,-0.009578454890909232,6.029993289978813,1782152732.6791432,None,None,None, None, 1782152732.6791432,0.9439611939201374,track,none,0.0,nan,nan,0.0,0.0,4.9500886100193515,-1.6317900460356696,3.344010227458835
1782152732.7790313,4.647653102874756,-194.86938571318862,200.0,0.2,6.008629082196697,4.661415396228876,1.6507148550018051,-0.009647470521587825,6.029106803681243,1782152732.7710311,None,None,None, None, 1782152732.7710311,0.9972474514142006,track,none,0.0,nan,nan,0.0,0.0,4.9500886100193515,-1.6317900460356696,3.344010227458835
1782152732.8787265,4.747348308563232,-190.78740051895633,200.0,0.2,6.001586263210616,4.727884596580628,1.6319078775700824,-0.0535882132086097,6.0253464716368486,1782152732.841202,None,None,None, None, 1782152732.841202,1.0946417287532693,track,none,0.0,nan,nan,0.0,0.0,4.961923523288322,-1.6426111748356522,3.3466099659181023
1782152732.9793727,4.847994565963745,-187.615138625063,200.0,0.2,5.998203073513992,4.793715980415038,1.6126374597761615,-0.005481638922053026,6.024877305322621,1782152732.9267907,None,None,None, None, 1782152732.9267907,0.9438889196973594,track,none,0.0,nan,nan,0.0,0.0,4.9733676354931236,-1.6573573980015484,3.3505430350891507
1782152733.090234,4.958855867385864,-184.62470787572335,200.0,0.2,5.995721117689019,4.859103432475246,1.5933108804493354,-0.0034667616157912015,6.024601117681678,1782152733.1037457,None,None,None, None, 1782152733.100745,0.9607074213218705,track,none,0.0,nan,nan,0.0,0.0,4.997955604010494,-1.6738524447897856,3.353230924619195
1782152733.1793342,5.0479559898376465,-181.9234853788392,200.0,0.2,5.994391454181529,4.924086928319992,1.5739545253530913,0.0038151238949767434,6.024972282138485,1782152733.1828477,None,None,None, None, 1782152733.1793342,0.9760256368723504,track,none,0.0,nan,nan,0.0,0.0,5.0233464363484,-1.691872356529245,3.358232904200015
1782152733.280941,5.149562835693359,-196.88216860054993,200.0,0.2,6.0014881509634135,4.526156738083407,1.6898219673300394,0.00654250218107854,6.025971183050108,1782152733.2564244,4.5200501005042995,1.691606652353416,6.014955372112075, 1782152733.205373, 1782152733.2564244,1.0552966539879471,track,none,0.0,nan,nan,0.0,0.0,5.052610331034585,-1.7113444802668696,3.3611026598922593
1782152733.3790715,5.247693300247192,-196.63726397571594,200.0,0.2,6.004736615876392,4.56528085619797,1.6784699711891768,0.04478135887827995,6.029602459545758,1782152733.3375134,None,None,None, None, 1782152733.3335145,0.9986661001129905,track,none,0.0,nan,nan,0.0,0.0,4.981138636989259,-1.6955329294730013,3.3613075077697907
1782152733.4832609,5.351882696151733,-195.55705854278068,200.0,0.2,6.006925014845752,4.6232383834408095,1.6619828492036106,0.008879582500158977,6.030398578997086,1782152733.4271708,None,None,None, None, 1782152733.422171,1.0641195618579686,track,none,0.0,nan,nan,0.0,0.0,4.965420693468906,-1.6967209789403497,3.369110606713462
1782152733.5804472,5.449069023132324,-194.14929624739895,200.0,0.2,6.008706530343275,4.688091011258779,1.643657669375166,0.009062974524770288,6.0311154204233555,1782152733.5879571,None,None,None, None, 1782152733.5889652,0.9171178691051557,track,none,0.0,nan,nan,0.0,0.0,4.958634527534133,-1.7015782370545087,3.37066552110069
1782152733.6786666,5.547288417816162,-192.64450465174832,200.0,0.2,6.010336763730107,4.754236310469908,1.6250746519079087,0.009968247395558237,6.032659331566322,1782152733.6611493,None,None,None, None, 1782152733.676155,0.9273823133067788,track,none,0.0,nan,nan,0.0,0.0,4.958634527534133,-1.7015782370545087,3.37066552110069
1782152733.7782817,5.6469035148620605,-191.05803429965556,200.0,0.2,6.011752416374307,4.820444687683985,1.6065781181288372,0.009335581078475416,6.033439860008193,1782152733.7447572,None,None,None, None, 1782152733.752765,0.9768621293801982,track,none,0.0,nan,nan,0.0,0.0,4.958634527534133,-1.7015782370545087,3.37066552110069
1782152733.8803353,5.74895715713501,-189.4782027668248,200.0,0.2,6.013238740791549,4.886515429217539,1.5882080431929069,0.011322092678096215,6.034301672273232,1782152733.8803353,None,None,None, None, 1782152733.8333943,0.9327165562974892,track,none,0.0,nan,nan,0.0,0.0,4.958634527534133,-1.7015782370545087,3.37066552110069
1782152733.9785101,5.847131967544556,-188.0405667552569,200.0,0.2,6.015226220813298,4.952424395176834,1.569982932916389,0.016315746311847224,6.036473115813678,1782152733.9539638,None,None,None, None, 1782152733.9705079,0.945280060792533,track,none,0.0,nan,nan,0.0,0.0,4.958634527534133,-1.7015782370545087,3.37066552110069
1782152734.0787244,5.947346210479736,-186.56518435559553,200.0,0.2,6.017098165930957,5.0181947362171755,1.5519441789974024,0.014448227199274327,6.037697481594005,1782152734.0387053,None,None,None, None, 1782152734.0502121,1.0742589846366792,track,none,0.0,nan,nan,0.0,0.0,4.962714707988117,-1.7107427856206563,3.378130039611707
1782152734.1790824,6.047704219818115,-185.10940753525654,200.0,0.2,6.019046040966692,5.08381875134409,1.534072103059117,0.015690823230551158,6.038969666724969,1782152734.1197836,None,None,None, None, 1782152734.1267831,0.9995562734132011,track,none,0.0,nan,nan,0.0,0.0,4.962714707988117,-1.7107427856206563,3.378130039611707
1782152734.279138,6.147759914398193,195.4453118095499,200.0,0.2,6.026249211293001,4.690444653639578,1.6456619812766655,0.01794788757908375,6.040250203186252,1782152734.2826505,4.6843845199332295,1.6473695162714144,6.035518569627597, 1782152734.219148, 1782152734.283648,1.0304753127351722,apf_colreg,static_obstacle,-1.0,1.3107692760648095,0.0,13.594354283621362,4.088188835505507,5.327773248291548,2.8219394481279236,1.1275096906254236
1782152734.3789206,6.247542381286621,200.0,200.0,0.2,6.021768307968543,4.709242240399577,1.6405744847323434,0.03949537490247581,6.047014656593198,1782152734.3624032,None,None,None, None, 1782152734.3624032,0.9602607010018301,apf_colreg,crossing_from_port,-1.0,1.3367120052472636,0.0,13.591824764291218,4.271069560308583,4.755152719227631,2.9808068615125194,1.1284148534681473
1782152734.479094,6.347715854644775,200.0,200.0,0.2,6.018674928343948,4.7329859009184885,1.633950663842585,0.07442221258692604,6.053241679950138,1782152734.4460747,None,None,None, None, 1782152734.4460747,1.0834104260092936,apf_colreg,static_obstacle,-1.0,1.316262218993258,0.0,13.534427523777286,4.351448991162554,4.83907185984988,2.950418177339383,1.1137467431726378
1782152734.5795603,6.448182106018066,200.0,200.0,0.2,6.017195232430695,4.760320869186063,1.6262243298255115,0.0828548845868951,6.059297865864864,1782152734.5805683,None,None,None, None, 1782152734.581568,0.9732873076206257,apf_colreg,crossing_from_port,-1.0,0.9231433409953197,50.27405998234123,13.395839937661751,4.419253636568771,4.907636256691564,2.9279314806288714,1.112851193271975
1782152734.6790218,6.547643661499023,200.0,200.0,0.2,6.015681298845742,4.790066332443889,1.617774701084722,0.07546340098084471,6.0712855475388015,1782152734.6780229,None,None,None, None, 1782152734.6845372,1.0928626216603723,apf_colreg,crossing_from_port,-1.0,0.06739136784216183,118.24069285563446,13.240953146129522,4.512952368045677,4.966441985589789,2.907008782607054,1.1089122530547026
1782152734.7788675,6.647489309310913,200.0,200.0,0.2,6.014066921458305,4.821323576741206,1.6088375068760272,0.07319815085639905,6.076616705682193,1782152734.7508547,None,None,None, None, 1782152734.7668633,1.0988414453647681,apf_colreg,crossing_from_port,-1.0,1.2490888298609806,2.66939690001692,13.441992310125414,4.649543752202543,5.025919701943279,2.8871737313709147,1.0996752007698298
1782152734.883172,6.75179386138916,200.0,200.0,0.2,6.013930757071319,4.8534880388606085,1.5995777128225253,0.0862472526790076,6.083625298434197,1782152734.8321164,None,None,None, None, 1782152734.8481464,1.0310391203688452,apf_colreg,crossing_from_port,-1.0,1.2480278126217608,2.8054925597959146,13.411217527025084,4.749544941358345,5.025919701943279,2.8871737313709147,1.0996752007698298
1782152734.9792712,6.847892999649048,200.0,200.0,0.2,6.013425248885736,4.886200019978628,1.5901704000080057,0.07868483604886656,6.089691283247584,1782152735.006216,None,None,None, None, 1782152734.9402149,1.0979014983257618,apf_colreg,crossing_from_port,-1.0,1.2250918490628928,2.470368171870689,13.393735124914329,4.839453905930436,5.13019472784753,2.8437620802793484,1.0886971746299636
1782152735.0874429,6.956064701080322,192.5394321003834,200.0,0.2,6.079841849889467,4.919222408085218,1.580652821789235,0.6700163445549701,6.154687902533211,1782152735.1122844,None,None,None, None, 1782152735.0477352,0.9449953017183805,apf_colreg,crossing_from_port,-1.0,1.1981646858928519,3.061673384276571,13.654934498769736,4.07198932857882,5.13019472784753,2.8437620802793484,1.0886971746299636
1782152735.1822655,7.0508873462677,171.58306536432747,200.0,0.2,6.100503694582943,4.953503653100429,1.5740550816916967,0.08131905247547518,6.16331328210094,1782152735.2066677,None,None,None, None, 1782152735.2061276,1.0845357893100693,apf_colreg,crossing_from_port,-1.0,1.1787302979765126,3.458992144055934,13.7147040411688,3.869032794601302,5.13019472784753,2.8437620802793484,1.0886971746299636
1782152735.2794995,7.148121356964111,-42.40288693436318,200.0,0.2,6.167682494572891,4.782688403197093,1.6234130701328113,0.6500280695301385,6.267778890855042,1782152735.2729938,4.779960552889706,1.624150862673156,6.151033450268874, 1782152735.224955, 1782152735.2825067,0.9094227608095087,apf_colreg,crossing_from_port,-1.0,1.1897163947931673,2.2764205129094783,14.011392017061905,2.3975754259871014,5.177391735246249,2.8191485851627034,1.0755535420114724
1782152735.3804348,7.249056577682495,-75.50673822875659,200.0,0.2,6.196096726837735,4.8104604477110495,1.6208329704709439,0.03853318882677303,6.271631866142867,1782152735.372985,None,None,None, None, 1782152735.372985,1.040546798434596,apf_colreg,crossing_from_port,-1.0,0.6874398347633026,17.82456439760103,13.860115299103517,1.9934322182355402,5.148064079504048,2.8202651592835437,1.0685302431776504
1782152735.480055,7.348676919937134,-92.6165473188856,200.0,0.2,6.211305426147171,4.852486697274271,1.6175740999287158,0.05541454329436618,6.27617788105833,1782152735.4550214,None,None,None, None, 1782152735.4685454,0.9841540613101565,apf_colreg,crossing_from_port,-1.0,1.1274778189073225,3.3546278127999187,14.073161778842294,1.8114686947137653,5.072665516354107,2.826339736096824,1.0601016348908667
1782152735.5786786,7.447300434112549,-115.43798839870324,200.0,0.2,6.236964048015367,4.9037654084619815,1.614077313923615,0.20791273893310136,0.007874557273961358,1782152735.5265994,None,None,None, None, 1782152735.5451167,1.083729154127863,apf_colreg,static_obstacle,-1.0,1.2232058860013835,0.15324947961722069,14.168062992011096,1.518934298929417,5.041584863501282,2.826717013765021,1.0476992021263494
1782152735.6793427,7.547964572906494,-125.71080195945251,200.0,0.2,6.249804953478339,4.96072324632715,1.611868755426745,0.05556345687809697,0.012856465619477602,1782152735.6883554,None,None,None, None, 1782152735.6202621,1.0642260046844731,apf_colreg,static_obstacle,-1.0,1.2204508049294784,0.03292630462176527,14.244325174506383,1.3804260417925498,5.023245132030444,2.8287019111701195,1.0455105618100344
1782152735.7795806,7.648202419281006,-132.27359355098224,200.0,0.2,6.259263216410488,5.020386193382542,1.6100892657747288,0.05658758357266712,0.01693611579414413,1782152735.7898924,None,None,None, None, 1782152735.7898924,0.9080102089644938,apf_colreg,static_obstacle,-1.0,1.218248916859737,0.0,14.287018408459113,1.2871946199980586,5.025483685378718,2.8283951665513745,1.0389096640310378
1782152735.8799639,7.7485857009887695,-137.76055011740212,200.0,0.2,6.266302871455048,5.081369761771193,1.6087358101039655,0.04916498240304612,0.02192818008201217,1782152735.890471,None,None,None, None, 1782152735.8934822,1.0961554700366447,apf_colreg,static_obstacle,-1.0,1.218248916859737,0.0,14.308365687970301,1.2053414443352084,5.025483685378718,2.8283951665513745,1.0389096640310378
1782152735.9790745,7.847696304321289,-138.64196795603874,200.0,0.2,6.272284878956078,5.143176562712042,1.6077313427519755,0.04812151243804566,0.0254698342012743,1782152735.9640691,None,None,None, None, 1782152735.987576,0.9021639649276767,apf_colreg,static_obstacle,-1.0,1.21817157633356,0.0,14.328050996041489,1.1933198692581382,5.0578496078764115,2.822910876880768,1.020351443501489
1782152736.079169,7.947790861129761,-142.69385409102938,200.0,0.2,6.27743138583018,5.205263199880284,1.6070545450141192,0.04579174587124072,0.029113529609570227,1782152736.0436401,None,None,None, None, 1782152736.062657,0.9060398306554489,apf_colreg,static_obstacle,-1.0,1.21817157633356,0.0,14.336789682448893,1.1303574181611449,5.090819037209068,2.818820094637364,1.0167705861506768
1782152736.182833,8.051454782485962,-146.21355857461867,200.0,0.2,6.282577423474992,5.2677834485104125,1.606679315307801,0.047279899011251764,0.03349262275303147,1782152736.1362607,None,None,None, None, 1782152736.149773,1.0475719466751765,apf_colreg,static_obstacle,-1.0,1.2171578425262848,0.0,14.348225491841633,1.074821426297655,5.090819037209068,2.818820094637364,1.0167705861506768
1782152736.2826002,8.151221990585327,-141.29932570357346,200.0,0.2,6.275061441036253,4.913192849459999,1.6095748219740764,0.043712301380121804,0.03762928471189332,1782152736.3066263,4.907678456323136,1.609613750583358,6.251618378151597, 1782152736.240406, 1782152736.2444062,0.9623979349599415,apf_colreg,static_obstacle,-1.0,1.215156706780571,0.0,14.215677315601038,1.1426868280912128,5.128731044887048,2.813853806042412,1.0054735863606046
1782152736.3803878,8.249009609222412,-149.96958104002346,200.0,0.2,6.277416052399946,4.950798470416576,1.6092477008884138,0.032654850744945514,0.042260012649122936,1782152736.3727028,None,None,None, None, 1782152736.3919003,1.0087003355386288,apf_colreg,static_obstacle,-1.0,1.2028581764007362,0.6997076605325689,14.200687943542814,1.0030078769175104,5.064276524366351,2.8101383034128404,1.0015590415223468
1782152736.4800336,8.348655462265015,-151.609993432318,200.0,0.2,6.280821683894732,5.004698559309967,1.6088903477104068,0.042218724035434585,0.04598768396913565,1782152736.460997,None,None,None, None, 1782152736.460997,0.9238930090449408,apf_colreg,static_obstacle,-1.0,1.1962929071205155,0.278851037198412,14.249382430436082,0.9794245940676047,5.042106550246519,2.804416100908578,0.9869320593353285
1782152736.5785663,8.447188138961792,-153.57327488111898,200.0,0.2,6.284700979002514,5.065770110073721,1.6087113199926222,0.041468406414167436,0.04926564551169536,1782152736.5400443,None,None,None, None, 1782152736.539045,0.978421623648493,apf_colreg,static_obstacle,-1.0,1.1903078220062886,0.06224796770710625,14.32527186557045,0.9517964245554049,5.036541520795213,2.798923980753722,0.9884793385138146
1782152736.6789005,8.54752230644226,-170.30538674815773,200.0,0.2,0.0247604019187585,5.129068030642444,1.6087836092064265,0.21536927310187426,0.06491955644150976,1782152736.684413,None,None,None, None, 1782152736.6167872,0.9843658366608228,apf_colreg,static_obstacle,-1.0,1.1837563645117783,0.0,14.370227096525573,0.6572579466788167,5.041889215629581,2.792226775490644,0.9722075823775966
1782152736.7790246,8.647646427154541,-176.94889816580664,200.0,0.2,0.033345581298152335,5.1944566468029505,1.6108854961857721,0.01836664454448168,0.0678819025028368,1782152736.7740178,None,None,None, None, 1782152736.7740178,1.0103841625216938,apf_colreg,static_obstacle,-1.0,1.1794377837088288,0.0,14.397579104427376,0.5302353500744719,5.051168633637141,2.7856460351450765,0.9732903467635394
1782152736.8788123,8.747434139251709,-191.9708642181566,200.0,0.2,0.055740858455364486,5.260938420779565,1.6133540784345968,0.16999664031321343,0.0803372461159877,1782152736.847286,None,None,None, None, 1782152736.8452837,0.9283194270028572,apf_colreg,static_obstacle,-1.0,1.1759258158022226,0.0,14.420989888786755,0.21232131294089918,5.07087287940404,2.7802992709915997,0.9671414913320481
1782152736.9794078,8.848029613494873,-199.6597725201957,200.0,0.2,0.06662328874510616,5.329096060314248,1.6177435781928424,0.030239955328354176,0.08232459681026139,1782152736.9130054,None,None,None, None, 1782152736.9130054,0.9518576989442188,apf_colreg,static_obstacle,-1.0,1.1741005121269719,0.0,14.433246529684741,0.029028413343939796,5.088879840388637,2.7747790038992934,0.9567238916242113
1782152737.0784667,8.947088479995728,-200.0,195.7410812346114,0.2,0.07499281541875617,5.398351147641346,1.6227666407968906,0.029616271235801503,0.08698762812518897,1782152737.0704536,None,None,None, None, 1782152737.0704536,1.0917486329069317,apf_colreg,static_obstacle,-1.0,1.1722182956849554,0.0,14.440408558006215,-0.12467084766362646,5.115592534567646,2.7703545174226902,0.9513682916887417
1782152737.1784525,9.047074317932129,-200.0,186.3711591775686,0.2,0.08702063030814614,5.467305362041722,1.62825627588688,0.0720682630628843,0.09372557387590365,1782152737.1639476,None,None,None, None, 1782152737.1549428,1.0319888678684561,apf_colreg,static_obstacle,-1.0,1.170221189903728,0.0,14.432808116760908,-0.33670078506946766,5.146418389590512,2.7655472491030504,0.9450957781832771
1782152737.279045,9.147666931152344,-196.77097420283633,200.0,0.2,0.07129033076450941,5.074475419354327,1.6069761000044271,0.013396046719914657,0.09483875769178005,1782152737.2470455,5.068391460288281,1.6066116289419052,0.02854796264595194, 1782152737.251047, 1782152737.245046,1.069166687463843,apf_colreg,static_obstacle,-1.0,1.1683896132058351,0.0,14.272241049246169,0.09881580920214628,5.179790144614372,2.7607178814148488,0.9414296480952639
1782152737.3787148,9.247336626052856,-200.0,195.58389388675195,0.2,0.07620269010944947,5.1176098391752936,1.610204176135742,0.013232164000639533,0.09620360979770004,1782152737.350192,None,None,None, None, 1782152737.3301332,1.0892683021464622,apf_colreg,crossing_from_port,-1.0,1.1395383249303819,0.3183222680720096,14.3654578588424,-0.12774640962922312,5.0741621105777615,2.750422028997851,0.9309894898945734
1782152737.478521,9.347142934799194,-200.0,185.67642759669312,0.2,0.08782904230667647,5.178763776349194,1.6150291039608007,0.09034861180318947,0.1020004080805934,1782152737.4143524,None,None,None, None, 1782152737.4549897,1.0455737263080418,apf_colreg,crossing_from_port,-1.0,1.140869658238645,0.19815612598600751,14.539041316698388,-0.3542243261963183,5.0741621105777615,2.750422028997851,0.9309894898945734
1782152737.578885,9.44750690460205,-200.0,181.37097514993943,0.2,0.093868733036961,5.245062253099555,1.621239952121079,0.007686163319561931,0.10315735570201892,1782152737.5648758,None,None,None, None, 1782152737.5458643,1.0388654593039646,apf_colreg,crossing_from_port,-1.0,1.1314634035813456,0.0,14.636532567373909,-0.4483309119199843,5.055624371829633,2.739771794845454,0.9189608022616212
1782152737.6788027,9.547424554824829,-200.0,176.1664394793096,0.2,0.09824221360708116,5.311944462540909,1.6278080220545892,0.006711766021757442,0.10369016312999038,1782152737.64426,None,None,None, None, 1782152737.6262174,0.9534960782231403,apf_colreg,crossing_from_port,-1.0,1.1270673018376893,0.0,14.669217996241702,-0.5559832915460463,5.051651949150375,2.7315881665105897,0.9184300414094705
1782152737.7973356,9.6659574508667,-200.0,171.03888936727594,0.2,0.10085614425918395,5.378367341245849,1.6345792971972415,-0.003206220616527491,0.1034477792590766,1782152737.719858,None,None,None, None, 1782152737.768457,1.0230833011063256,apf_colreg,static_obstacle,-1.0,1.1255476474859036,0.0,14.511695838360113,-0.6497689247411209,5.054848993982842,2.7235997115685953,0.9165052490750022
1782152737.882486,9.751107931137085,-200.0,166.61873788167168,0.2,0.10244465582485655,5.444184843959249,1.641424888446032,-0.007564910777180191,0.10272544396533413,1782152737.891497,None,None,None, None, 1782152737.8483834,1.0272583533673048,apf_colreg,static_obstacle,-1.0,1.1266525059280843,0.0,14.518135777594539,-0.733119701792873,5.071146776518826,2.7185356587371516,0.9181777209687384
1782152737.9827213,9.851343154907227,-200.0,163.08426283033214,0.2,0.10211752743214991,5.509451443398666,1.6482970323602402,-0.021904705297083674,0.0992017420486556,1782152737.976208,None,None,None, None, 1782152737.985235,1.0033188506825772,apf_colreg,static_obstacle,-1.0,1.1275280290101455,0.0,14.532449478556169,-0.7985304345059543,5.096176251359041,2.7139030820145194,0.9001623262376135
1782152738.0788407,9.947462558746338,-200.0,158.64826419182873,0.2,0.10096001150245329,5.574280282626283,1.6550608459069487,-0.024333222779985106,0.09706956015726946,1782152738.0638323,None,None,None, None, 1782152738.0638323,1.00730747531313,apf_colreg,static_obstacle,-1.0,1.1260508235810076,0.0,14.60778905635857,-0.8821958492718576,5.1276553422327575,2.7076469247102497,0.9013261169826134
1782152738.1784594,10.047081232070923,-200.0,155.7528641898111,0.2,0.09907731933769251,5.638606572443269,1.6616792794030566,-0.028580737087345952,0.09482251658057039,1782152738.1424532,None,None,None, None, 1782152738.1424532,0.9302448263734892,apf_colreg,static_obstacle,-1.0,1.1285794120516341,0.0,14.63332292895456,-0.9345700489816569,5.163076770026018,2.7060618737523146,0.9057632395525679
1782152738.2800553,10.148677110671997,-200.0,200.0,0.2,0.06703246873890757,5.243945552547,1.6119558009341015,-0.05495022814276185,0.0901480243641413,1782152738.227521,5.2378884303649516,1.6112139690181932,0.015217699293216924, 1782152738.264555, 1782152738.2265189,1.0023581707683453,apf_colreg,static_obstacle,-1.0,1.1300236366283547,0.0,14.623277876868388,0.0012042140507633192,5.200377863158884,2.7032689383848045,0.8967898720688366
1782152738.3786914,10.247313261032104,-200.0,196.70317542735052,0.2,0.06207743613102135,5.284222643092935,1.6145932483910954,-0.03469955651818104,0.08714417390976642,1782152738.3140883,None,None,None, None, 1782152738.3646789,0.9275830056857315,apf_colreg,crossing_from_port,-1.0,1.0841065868012267,0.0,14.832074610217212,-0.10437097943416074,5.1116524687100355,2.6879602765357187,0.8930443576931204
1782152738.4810503,10.349672079086304,-200.0,200.0,0.2,0.056960714709241196,5.344194574221504,1.618191720255309,-0.029624703456952665,0.0848444775364556,1782152738.492563,None,None,None, None, 1782152738.466533,1.0534070960886892,apf_colreg,crossing_from_port,-1.0,1.0923765176070037,0.0,15.085463538961411,-0.00036416335330180516,5.09846820207383,2.682571824471067,0.8914170615683821
1782152738.581657,10.450278759002686,-199.11654540704083,200.0,0.2,0.05185384447916511,5.411932658591687,1.6218950344325016,-0.02737669029317816,0.08208362029046691,1782152738.492563,None,None,None, None, 1782152738.581657,0.9329507341315209,apf_colreg,crossing_from_port,-1.0,1.0923765176070037,0.0,15.161829851414655,0.04470686757084952,5.09846820207383,2.682571824471067,0.8914170615683821
1782152738.6812851,10.549906969070435,-198.16774249975848,200.0,0.2,0.047641234154255224,5.481171983487263,1.6253223834105697,-0.01868464637236527,0.08016642228591721,1782152738.6937904,None,None,None, None, 1782152738.6852815,1.0139542252006337,apf_colreg,crossing_from_port,-1.0,1.0923765176070037,0.0,15.17609112890949,0.06936244954383941,5.09846820207383,2.682571824471067,0.8914170615683821
1782152738.7798998,10.648521661758423,-197.26312539836186,200.0,0.2,0.04327048711742341,5.550536116503861,1.6284829886172218,-0.022475903395280078,0.07794986616492067,1782152738.7859056,None,None,None, None, 1782152738.7733886,1.0662108694491306,apf_colreg,static_obstacle,-1.0,1.1192259976890109,0.0,15.052183921026094,0.09180460912939914,5.103917248057438,2.679051807171117,0.8795584915203615
1782152738.8870687,10.755690574645996,-197.31710895281836,200.0,0.2,0.03951167223789945,5.619828495509145,1.6313343069402855,-0.01672305299691754,0.07640941939882168,1782152738.8880672,None,None,None, None, 1782152738.8545222,0.9605300184445266,apf_colreg,static_obstacle,-1.0,1.1318114934796837,0.0,15.124422676835522,0.09087275410630014,5.132950327572522,2.6804427623991396,0.887576120358502
1782152738.9817603,10.850382089614868,-197.9603202039144,200.0,0.2,0.03660237679085056,5.689124847792357,1.6339398595775343,-0.010883093562987688,0.07441404996096357,1782152738.9692514,None,None,None, None, 1782152738.9571261,1.0670664647897488,apf_colreg,static_obstacle,-1.0,1.1476254187614463,0.0,15.19936585531103,0.07481902736030133,5.163826321173236,2.6844753795361216,0.8796869671969362
1782152739.0809152,10.9495370388031,-198.9819412857342,200.0,0.2,0.034081479448723605,5.758498057413526,1.6363724219095452,-0.010369830316305253,0.07362994833758928,1782152739.0448651,None,None,None, None, 1782152739.0353522,1.0728636359178472,apf_colreg,static_obstacle,-1.0,1.1593805320316417,0.0,15.280777041299803,0.048591663804160135,5.202452651441133,2.6862294543909813,0.8895972971369966
1782152739.1801739,11.048795700073242,-198.0042076081892,200.0,0.2,0.027604380055817765,5.827999548209548,1.6386523967520503,-0.0472820577339434,0.06972111933784195,1782152739.1275356,None,None,None, None, 1782152739.1195347,1.0448373171725671,apf_colreg,static_obstacle,-1.0,1.1730522880646086,0.0,15.373275839707361,0.0745312892703387,5.244667901604333,2.690900867004657,0.8903872570124041
1782152739.2797472,11.148369073867798,-181.17461326296137,200.0,0.2,0.01249512648017572,5.397559650901447,1.6128534690975984,-0.007037223976998483,0.06902286893317804,1782152739.226758,5.390957889066321,1.6124898850145946,6.2726343835183735, 1782152739.276896, 1782152739.2127507,1.0612854787444366,apf_colreg,static_obstacle,-1.0,1.186171147776279,0.0,15.295132558005136,0.47278914533033056,5.290566071095975,2.6960866734305164,0.8904643646217565
1782152739.3859723,11.254594087600708,-184.13512682715714,200.0,0.2,0.009148254362459734,5.436479294598464,1.6132417027077715,-0.006663807569556371,0.06847605529195486,1782152739.3088152,None,None,None, None, 1782152739.3979776,0.9054583569207495,apf_colreg,crossing_from_port,-1.0,1.103268271558735,0.0,15.673558566461741,0.41747337309587795,5.193284479113579,2.697045579942921,0.910514209447244
1782152739.4786384,11.347260236740112,-184.35058331007693,200.0,0.2,0.007097815923305061,5.494469778256852,1.6136420816448052,0.001711501016496089,0.06875301435546775,1782152739.4706376,None,None,None, None, 1782152739.3979776,0.9054583569207495,apf_colreg,crossing_from_port,-1.0,1.1250561906505074,0.0,16.06551691187259,0.42284257750736476,5.166198449108696,2.7053496171019336,0.896615342606858
1782152739.5803843,11.449006080627441,-184.8823974152397,200.0,0.2,0.006000885324208995,5.560054727638831,1.6139929056303863,0.005073099531206367,0.0691367772836577,1782152739.5462842,None,None,None, None, 1782152739.5602875,0.971505655244578,apf_colreg,crossing_from_port,-1.0,1.1455939352702493,0.0,16.215587361357493,0.4141155699173975,5.1594212627396985,2.709145599109595,0.8974524292472582
1782152739.680057,11.548678874969482,-184.89513900420673,200.0,0.2,0.00608653797350352,5.627451540187933,1.6143078758485139,0.011749724916893457,0.0706023946021616,1782152739.6710205,None,None,None, None, 1782152739.626489,0.9343982547624488,apf_colreg,crossing_from_port,-1.0,1.1455939352702493,0.0,16.232788639505152,0.4142500477355844,5.1594212627396985,2.709145599109595,0.8974524292472582
1782152739.7787614,11.647383213043213,-190.63452315824279,200.0,0.2,0.006874671051344639,5.695162240408897,1.6146636656364066,0.01371350489047391,0.07144712974237137,1782152739.7326193,None,None,None, None, 1782152739.747713,0.948959419676937,apf_colreg,static_obstacle,-1.0,1.1955894478250055,0.0,16.022842322928465,0.2695336268784594,5.163975203147089,2.716407604890175,0.9047189737160138
1782152739.8788972,11.74751901626587,-194.60565168807645,200.0,0.2,0.008304376079249593,5.763536348285811,1.6151156910973725,0.01479048993967875,0.07330705596941266,1782152739.8583708,None,None,None, None, 1782152739.871898,0.9844230384610183,apf_colreg,static_obstacle,-1.0,1.219425238437671,0.0,16.15122980400216,0.16950316162316437,5.185234662949751,2.7223512469902005,0.9066769574073954
1782152739.9792187,11.847840547561646,-199.35277074620404,200.0,0.2,0.010056273299043317,5.8324428072794365,1.6157045212470962,0.013662438831968736,0.07424544504210562,1782152739.9270546,None,None,None, None, 1782152739.9511452,1.010116140635512,apf_colreg,static_obstacle,-1.0,1.238480587635146,0.0,16.30075628506756,0.041433330256198,5.210698143317443,2.7233593850006805,0.9052042644159168
1782152740.0797884,11.948410272598267,-200.0,200.0,0.2,0.012243231444761466,5.901948892359609,1.6164490798984446,0.01429360202510035,0.07616068637733563,1782152740.0610476,None,None,None, None, 1782152740.0319786,0.9909876379022365,apf_colreg,static_obstacle,-1.0,1.2567623252875826,0.0,16.3323663463406,-0.017622858297174027,5.242796310474613,2.7255552098841087,0.9101803175197407
1782152740.178229,12.04685091972351,-200.0,198.30008406814108,0.2,0.01608486755102489,5.971608207552811,1.6173666572215097,0.026789782888152945,0.07876392929465234,1782152740.1582205,None,None,None, None, 1782152740.1682222,0.9990081535744613,apf_colreg,static_obstacle,-1.0,1.2736284798542543,0.0,16.308770049586315,-0.07086887218597582,5.2803454094158635,2.72808688722962,0.9139861280354302
1782152740.2783937,12.147015571594238,-200.0,193.39532839626526,0.2,0.018833887717359235,6.041094283077021,1.6185990505920635,0.011651887803983168,0.07979126850919263,1782152740.2463899,None,None,None, None, 1782152740.2513907,0.9294483055274233,apf_colreg,static_obstacle,-1.0,1.2884766318113217,0.0,16.410834135333452,-0.2043547415400484,5.3195575667859325,2.7286730922786235,0.9270479580631144
1782152740.3792222,12.247843980789185,-200.0,192.11566037274363,0.2,0.015801503085746155,5.563344872837055,1.6115209825976677,0.010344176723140464,0.08109292491953618,1782152740.3722246,5.557584313903385,1.611431542421361,0.005388100877061319, 1782152740.278393, 1782152740.330595,1.0254143029369989,apf_colreg,static_obstacle,-1.0,1.3032633394248903,0.0,16.378657486478144,-0.23739009904129915,5.36285250779954,2.731470753061566,0.9336111110349166
1782152740.4786866,12.34730839729309,-200.0,189.28675285773215,0.2,0.017993582893116488,5.602351894894987,1.612198672873836,0.005265941670338776,0.08151096819870066,1782152740.4516108,None,None,None, None, 1782152740.4044375,1.04261420127591,apf_colreg,crossing_from_port,-1.0,1.1646887076754813,0.0,16.811691748894965,-0.31789368379165417,5.2466041009865565,2.7323131440773656,0.9682757883773503
1782152740.578414,12.447035789489746,-200.0,194.69359134554247,0.2,0.019809130564203845,5.660929210851315,1.6133395167069509,0.0034328772991749894,0.08193249481318854,1782152740.5744019,None,None,None, None, 1782152740.56289,1.0687706892098432,apf_colreg,crossing_from_port,-1.0,1.1835918926224274,0.0,16.858763524173604,-0.17451288449549018,5.213493040530309,2.7300888998924506,0.9485514421659939
1782152740.6789675,12.547589302062988,-200.0,193.71692019891626,0.2,0.021111763216663162,5.727777361650995,1.614740285789722,0.0021810974915408266,0.08207101410635534,1782152740.6379108,None,None,None, None, 1782152740.6379108,0.9139458810194651,apf_colreg,crossing_from_port,-1.0,1.2085041317902394,0.0,16.939075133779948,-0.20216538011163365,5.196816278465268,2.72917168264684,0.9462619665479036
1782152740.7786672,12.647289037704468,-200.0,192.42830803375267,0.2,0.022531206136044063,5.796332644181646,1.6162530217248587,0.005103822287464052,0.08240589500883624,1782152740.7035246,None,None,None, None, 1782152740.6995254,1.052972092164602,apf_colreg,crossing_from_port,-1.0,1.2085041317902394,0.0,16.953649344876812,-0.2373126776287826,5.196816278465268,2.72917168264684,0.9462619665479036
1782152740.878267,12.746888875961304,-200.0,189.98276768564438,0.2,0.02314176134811096,5.865014182796708,1.6178707231479095,-0.002634564446140147,0.0819983246408371,1782152740.8582258,None,None,None, None, 1782152740.8582258,0.9424398344273187,apf_colreg,static_obstacle,-1.0,1.2653978661765153,0.0,16.556227400813697,-0.29527709354236986,5.192523992106341,2.728299275890161,0.9624083325290996
1782152740.9801285,12.848750352859497,-200.0,190.76810423892363,0.2,0.02346793819989868,5.933449351858089,1.6195120562457106,-0.0036381470733206013,0.08176288835732733,1782152740.922939,None,None,None, None, 1782152740.922939,1.0592139631607378,apf_colreg,static_obstacle,-1.0,1.291272924949206,0.0,16.451016912114692,-0.27330687144709565,5.200527177828359,2.725048571072565,0.965169163681837
1782152741.078809,12.947430849075317,-200.0,189.49204102628556,0.2,0.023029337719803127,6.001933001569928,1.6211653932698766,-0.009055446747785573,0.08036953012666526,1782152741.0768087,None,None,None, None, 1782152741.0768087,0.9715864774789075,apf_colreg,static_obstacle,-1.0,1.3152365665133194,0.0,16.335372371938227,-0.30372392235490064,5.215506072171861,2.7215123616209533,0.9790818327594593
1782152741.1829615,13.051583290100098,-200.0,189.21920027669464,0.2,0.022239293245107192,6.0702875106148495,1.622767926375218,-0.010130510886105672,0.07959357088018303,1782152741.153405,None,None,None, None, 1782152741.153405,1.0823745466773773,apf_colreg,static_obstacle,-1.0,1.334770803575242,0.0,16.331289571258615,-0.310505889368506,5.244676678335695,2.720335971023242,0.9832653909207822
1782152741.2795794,13.14820122718811,-200.0,189.51308957907304,0.2,0.021184014998976923,6.138594864638733,1.6243036966455975,-0.011142361930399773,0.07868445830027139,1782152741.2349956,None,None,None, None, 1782152741.2189858,1.078956063226577,apf_colreg,static_obstacle,-1.0,1.3548200362613882,0.0,16.315019931585,-0.30281618797245535,5.278601094296409,2.722208670059103,0.9899338264041263
1782152741.3802266,13.24884843826294,-200.0,197.02235765179387,0.2,0.013276038634609503,5.737246923119002,1.6125647976725117,-0.014766344503859158,0.07750157817136415,1782152741.3887389,5.73119714170185,1.6123949450818087,0.001672693839851469, 1782152741.293102, 1782152741.3707054,1.0789069137654335,apf_colreg,static_obstacle,-1.0,1.373387022449229,0.0,16.214395446980237,-0.10544356680905143,5.314940802554845,2.72329682648976,1.0003573160884258
1782152741.4797368,13.348358631134033,-200.0,197.17830280378345,0.2,0.011288893193035273,5.780021682327623,1.6131131657720843,-0.016345726862890493,0.07504785865446845,1782152741.465216,None,None,None, None, 1782152741.4362996,0.9128939618439332,apf_colreg,static_obstacle,-1.0,1.2178726618061735,0.0,16.330274102440924,-0.10192624153171703,5.234524227695194,2.721836501034981,1.0345995009238473
1782152741.580929,13.449550867080688,-200.0,200.0,0.2,0.008870269500562286,5.841315647739449,1.6137566799186729,-0.016213759421591693,0.0737160532289567,1782152741.5473564,None,None,None, None, 1782152741.5834453,0.9322348302270116,apf_colreg,static_obstacle,-1.0,1.244342453860071,0.0,16.43970586015877,0.0035520462177371925,5.208497796081584,2.7184405335363713,1.0251820658522768
1782152741.6786077,13.547229528427124,-198.47985398230503,200.0,0.2,0.006419669807183081,5.909450599386029,1.614287621316997,-0.013551040197066436,0.07262881453615881,1782152741.6275892,None,None,None, None, 1782152741.6560888,1.09406184377109,apf_colreg,static_obstacle,-1.0,1.2773062932041688,0.0,16.458621593162743,0.06647848438438064,5.197365754224715,2.71686134462703,1.0307099400267066
1782152741.7785308,13.647152662277222,-198.8427509770267,200.0,0.2,0.0040726561365445665,5.978749158298353,1.614650366104943,-0.01163842179121121,0.07154163330822161,1782152741.7210023,None,None,None, None, 1782152741.7330053,0.9878820768640529,apf_colreg,static_obstacle,-1.0,1.3071250458308812,0.0,16.375309403311196,0.05598161681004754,5.199946195264683,2.712094246352024,1.0342186304200034
1782152741.8804648,13.749086618423462,-192.89248304840285,200.0,0.2,-0.006163971169921895,6.0482568936763785,1.614853501509348,-0.08282572370964972,0.06479956698131137,1782152741.8884604,None,None,None, None, 1782152741.8134022,0.9307198812179884,apf_colreg,static_obstacle,-1.0,1.3345816981420864,0.0,16.37286052473357,0.21707182182742546,5.216405058888521,2.710067995646675,1.051043999499777
1782152741.978776,13.847397804260254,-189.69055363687542,200.0,0.2,6.272254155197075,6.1171329761146644,1.6141358896607816,-0.009221303950839605,0.06400600531235283,1782152741.9872103,None,None,None, None, 1782152741.9962094,1.0549510927323251,apf_colreg,static_obstacle,-1.0,1.3345816981420864,0.0,16.36818979397558,0.2993211685804438,5.242801753233665,2.707234459125893,1.0575475234925233
1782152742.0795362,13.948158025741577,-187.0227220021585,200.0,0.2,6.268677786043023,6.185572934123069,1.613178681715027,-0.008109346170852617,0.06246461811553221,1782152742.0785358,None,None,None, None, 1782152742.0795362,0.922305066311064,apf_colreg,static_obstacle,-1.0,1.3997569681452768,0.0,16.341308466821133,0.36526199062049614,5.242801753233665,2.707234459125893,1.0575475234925233
1782152742.1794872,14.04810905456543,-185.3696851018495,200.0,0.2,6.266489876058095,6.253661460244438,1.6120223361160857,-0.0003578109666795935,0.06243852540077177,1782152742.151459,None,None,None, None, 1782152742.1679804,0.950689384385986,apf_colreg,static_obstacle,-1.0,1.4230063224855152,0.0,16.337235180566406,0.405464105946459,5.273378912382703,2.7053549772529255,1.0670019746016515
1782152742.2808816,14.149503469467163,-184.00394381679573,200.0,0.2,6.265127434887127,6.321520557879676,1.610759307193291,0.0026129161184052143,0.06275963350364554,1782152742.2743516,None,None,None, None, 1782152742.2743516,1.0428456455635045,apf_colreg,static_obstacle,-1.0,1.4436512751844743,0.0,16.329261812902036,0.4380714924108897,5.308722997089097,2.703452730228042,1.0809004417421622
1782152742.3785193,14.247141122817993,-188.27742033821164,200.0,0.2,6.266706236771334,5.891514909277335,1.6119574563850594,0.005501461406685801,0.06316745847004611,1782152742.348482,5.884943142068073,1.6119908026094352,6.271092922884121, 1782152742.299403, 1782152742.3474874,0.9057462493558178,apf_colreg,static_obstacle,-1.0,1.4609869764988315,0.0,16.26455805027507,0.3326682146963815,5.348347127568813,2.7004456932861816,1.0874498122504253
1782152742.4796472,14.348268985748291,-187.72424912093535,200.0,0.2,6.266793930424685,5.929931225214745,1.6112836037106923,0.013587594471345749,0.0644261700629726,1782152742.4411187,None,None,None, None, 1782152742.4290857,0.9237859616614627,apf_colreg,static_obstacle,-1.0,1.4609869764988315,0.0,16.271725038376527,0.3464813147464696,5.348347127568813,2.7004456932861816,1.0874498122504253
1782152742.578565,14.447186708450317,-188.48074986416705,200.0,0.2,6.267481047888807,5.988037047713359,1.6103016600193882,0.011784205882362567,0.06535299501907489,1782152742.582782,None,None,None, None, 1782152742.566916,1.091094240205433,apf_colreg,static_obstacle,-1.0,1.2559263081820806,0.0,16.414451476275392,0.3306475628347201,5.306176260489719,2.7013664609122685,1.1124270512422318
1782152742.6794243,14.548046112060547,-188.63072218820966,200.0,0.2,6.27014450157462,6.054088090008213,1.6092475517751552,0.027267840861741194,0.06894279247566233,1782152742.651418,None,None,None, None, 1782152742.6444173,0.9170678253545919,apf_colreg,static_obstacle,-1.0,1.2965286061931518,0.0,16.450267072364326,0.3276024834256388,5.28500909081305,2.6996767646062954,1.1176196911499205
1782152742.7814517,14.650073528289795,-189.30026601557316,200.0,0.2,6.272342281596787,6.121964938516289,1.6083972728663412,0.01581693160918544,0.07008072577704672,1782152742.723362,None,None,None, None, 1782152742.7398827,1.0220580910918522,apf_colreg,static_obstacle,-1.0,1.3379853403232624,0.0,16.446361409881515,0.3106437901846979,5.276860844810731,2.6983401007546672,1.1339852950791336
1782152742.8785858,14.747207641601562,-190.36712167427467,200.0,0.2,6.274632557100685,6.190219212285219,1.6076903770804591,0.016701325399756106,0.07241369678783642,1782152742.8630497,None,None,None, None, 1782152742.8775842,0.9500988308908523,apf_colreg,static_obstacle,-1.0,1.3732483981811259,0.0,16.437746425582088,0.2833582256400007,5.281898113464699,2.6947208400206075,1.1404760200451256
1782152742.9787035,14.847325325012207,-192.678341131985,200.0,0.2,6.278986526420629,6.258647377321994,1.6071427192852,0.03448062643470716,0.0749525085716154,1782152742.9366798,None,None,None, None, 1782152742.9406881,1.0538077691994088,apf_colreg,static_obstacle,-1.0,1.4064538543921647,0.0,16.423428792013755,0.22335449886666314,5.296000133935134,2.693270721619408,1.1571370151839537
1782152743.0785818,14.947203636169434,-194.41247994292664,200.0,0.2,6.282159210408288,6.3273530408869485,1.606950077501864,0.01734111298118206,0.07617042053952656,1782152743.0069125,None,None,None, None, 1782152743.0194352,1.0090628619915194,apf_colreg,static_obstacle,-1.0,1.4335379016078944,0.0,16.41376685298956,0.17741643613445657,5.318093293320601,2.688987870133816,1.1638426616145963
1782152743.18221,15.05083179473877,-195.98806757615702,200.0,0.2,0.0018650308013086515,6.396288563082259,1.6069634659187102,0.016182929078598807,0.07749217755718,1782152743.0885885,None,None,None, None, 1782152743.1777008,1.0460003311431951,apf_colreg,static_obstacle,-1.0,1.4568363393872326,0.0,16.403015272235212,0.1349200950134053,5.347248274164337,2.6848029273876017,1.170430068795247
1782152743.2789745,15.14759635925293,-197.7717792684935,200.0,0.2,0.004822593026189833,6.4654295571228655,1.6071714822899068,0.017348827014254754,0.08036108254664955,1782152743.2539544,None,None,None, None, 1782152743.2539544,0.9326785742115156,apf_colreg,static_obstacle,-1.0,1.4568363393872326,0.0,16.404127936245107,0.08598527602459427,5.347248274164337,2.6848029273876017,1.170430068795247
1782152743.3936927,15.262314558029175,-200.0,197.35462672097572,0.2,0.009311867080878751,6.060607278763599,1.611026410590174,0.01483357982442221,0.08158268466280813,1782152743.3363082,6.054344626701911,1.6110717855934653,0.012666570692203116, 1782152743.315785, 1782152743.396691,1.0752294625663175,apf_colreg,static_obstacle,-1.0,1.5264666730248284,0.0,16.313104807060228,-0.09698539888382474,5.3794127912989556,2.679863464270225,1.1873108937356067
1782152743.4792614,15.347883224487305,-200.0,185.1246982866196,0.2,0.02737723434142332,6.103735222422276,1.6114870421592844,0.18153481236175287,0.10726033803965124,1782152743.4777558,None,None,None, None, 1782152743.468757,1.0318555493859958,apf_colreg,static_obstacle,-1.0,1.2968891757473624,0.0,16.366379211052227,-0.41211612211256465,5.324552116776388,2.67880182362545,1.2202004378432765
1782152743.5789258,15.447547674179077,-200.0,179.53661956469523,0.2,0.0367715345305026,6.163851103506742,1.6136546417602302,0.00802212054234785,0.10788677166314467,1782152743.555844,None,None,None, None, 1782152743.5373278,1.0002037022885397,apf_colreg,static_obstacle,-1.0,1.3375390274532848,0.0,16.39440164286148,-0.5447786328794226,5.288094219349726,2.671553268424174,1.2131710208795667
1782152743.6807227,15.549344539642334,-200.0,174.97341901257923,0.2,0.04282963608484289,6.229441844056481,1.6164453688001394,0.00634805967094859,0.10847294387822001,1782152743.6481829,None,None,None, None, 1782152743.620657,0.9454381969214879,apf_colreg,static_obstacle,-1.0,1.3802996945405726,0.0,16.39824682558521,-0.6481409334020318,5.267664853073989,2.6634534088027912,1.2190201061981587
1782152743.7793932,15.648015022277832,-200.0,170.66330684151995,0.2,0.047059082568780546,6.295741456207454,1.6195724125071829,0.0030849947305605146,0.10874497523696346,1782152743.7363617,None,None,None, None, 1782152743.7588828,1.0420197389808317,apf_colreg,static_obstacle,-1.0,1.4212769383115922,0.0,16.37699799577517,-0.7413658835030601,5.260462457134891,2.6562083625143,1.225105492002707
1782152743.8789907,15.747612476348877,-200.0,167.73081371694101,0.2,0.048845921775240865,6.361722311907835,1.6229148979404346,-0.01229028281542898,0.10701052710142187,1782152743.8774853,None,None,None, None, 1782152743.847262,1.021265149268079,apf_colreg,static_obstacle,-1.0,1.4610754335233507,0.0,16.355083126797226,-0.802611113670161,5.2625534500426125,2.652657097497996,1.2417269509285458
1782152743.9793227,15.847944498062134,-200.0,165.42120121371906,0.2,0.04946550016152902,6.427353755456919,1.6262972405829803,-0.015131005167412061,0.10582560346277094,1782152743.9557962,None,None,None, None, 1782152743.914753,0.9226569136523923,apf_colreg,static_obstacle,-1.0,1.4938856533948173,0.0,16.34050375683216,-0.8499807224364258,5.274658751820307,2.64760371009205,1.2487767799399108
1782152744.0790033,15.947625160217285,-200.0,163.5466840062433,0.2,0.049315353275535,6.492694037295148,1.6296712848484542,-0.017746769226751728,0.10468759080292865,1782152744.081166,None,None,None, None, 1782152744.0474842,1.0135481490363691,apf_colreg,static_obstacle,-1.0,1.5242042222223389,0.0,16.33087742644331,-0.8879367377976379,5.290494446975169,2.6415555445425194,1.2638439663760377
1782152744.1788337,16.047455549240112,-200.0,163.4936462708249,0.2,0.0474266175178107,6.557798081401815,1.6330028363422215,-0.030585888958892294,0.10037805679502618,1782152744.1608207,None,None,None, None, 1782152744.1137004,0.9232001600044141,apf_colreg,static_obstacle,-1.0,1.550101661945614,0.0,16.313121388724127,-0.888051316136762,5.312561249159189,2.6347094755322726,1.2695879126629497
1782152744.2790163,16.147638082504272,-200.0,163.9504045303224,0.2,0.04528556664806834,6.622860933547667,1.6361643739711198,-0.02749466877918289,0.0980777837955898,1782152744.2444832,None,None,None, None, 1782152744.2755089,1.0792479802020805,apf_colreg,static_obstacle,-1.0,1.5733142649500342,0.0,16.291676537245806,-0.877582873004453,5.340914581228818,2.63025522330451,1.2753287026189666
1782152744.3785229,16.24714469909668,-200.0,187.7705643944611,0.2,0.024737367521566897,6.229943202060873,1.613546634445986,-0.06207794305726408,0.09382921622769226,1782152744.3840332,6.223894037565429,1.6132082035057969,6.280533250206265, 1782152744.315925, 1782152744.3490114,1.0842662972183739,apf_colreg,static_obstacle,-1.0,1.3791122842482724,0.0,16.26664043164698,-0.34523200831195844,5.291962264274981,2.624557244140457,1.319006778064025
1782152744.4787657,16.347387552261353,-200.0,190.41702829836422,0.2,0.020130769630791173,6.270020413449665,1.614472667343664,-0.0309792473222389,0.08932886497300874,1782152744.4581923,None,None,None, None, 1782152744.4265747,1.0023530716147198,apf_colreg,static_obstacle,-1.0,1.3791122842482724,0.0,16.272691348355252,-0.27924967331516815,5.291962264274981,2.624557244140457,1.319006778064025
1782152744.5792477,16.447869539260864,-200.0,194.27563299207998,0.2,0.016079746261499172,6.3292668727062535,1.615562310623913,-0.023046448124345458,0.0873701577701494,1782152744.543182,None,None,None, None, 1782152744.5592568,1.081739230774862,apf_colreg,static_obstacle,-1.0,1.4217638571470403,0.0,16.282654217216493,-0.1796173016073448,5.263342270027734,2.6184704666670506,1.2974704242498611
1782152744.679079,16.547700881958008,-200.0,197.5701824306327,0.2,0.012112656238694649,6.396255132364774,1.6165303168156697,-0.022942272857243918,0.08574533464043722,1782152744.6140041,None,None,None, None, 1782152744.6305146,1.0920091828925096,apf_colreg,static_obstacle,-1.0,1.4736692604457693,0.0,16.284599454823205,-0.09090296410135146,5.24576013784109,2.6144187791340854,1.3110750591812752
1782152744.7788777,16.647499561309814,-200.0,199.8165159666137,0.2,0.008212546510540753,6.46526796419614,1.6172489740010363,-0.021569363973362662,0.08241575270531058,1782152744.7683704,None,None,None, None, 1782152744.7076085,0.9198269586308419,apf_colreg,static_obstacle,-1.0,1.5237968651217693,0.0,16.270651430096233,-0.028302939601250188,5.240442064810478,2.60953235056266,1.317756741693313
1782152744.8793318,16.74795365333557,-199.7794543035454,200.0,0.2,0.004471809417399922,6.534842594588441,1.6176970705747813,-0.0194868175639569,0.08085927582319763,1782152744.8482437,None,None,None, None, 1782152744.8472393,1.0027487559930834,apf_colreg,static_obstacle,-1.0,1.5677549265279933,0.0,16.25246302542316,0.02931625485161593,5.246663994910292,2.603585567509343,1.32402176294741
1782152744.978468,16.847089767456055,-197.8491225737884,200.0,0.2,0.0011596397387390288,6.60449117323162,1.6178871399781514,-0.015883345364765423,0.07958557611122825,1782152744.9284346,None,None,None, None, 1782152744.9284346,0.9917690385212581,apf_colreg,static_obstacle,-1.0,1.6090665167599412,0.0,16.231042424810056,0.08295430934260306,5.259683820791706,2.599055902484484,1.3421168875155087
1782152745.0793326,16.947954416275024,-195.89127490495483,200.0,0.2,6.281023008123657,6.673935689303424,1.6178524206146783,-0.016620279758876373,0.07755575460910415,1782152745.0505638,None,None,None, None, 1782152745.0663352,0.9014678335323995,apf_colreg,static_obstacle,-1.0,1.6435038632671595,0.0,16.214192636354653,0.13596273853127183,5.2815538258395005,2.59304954873332,1.348561370071214
1782152745.1886637,17.05728554725647,-194.18302908629516,200.0,0.2,6.27817411091027,6.743136418743728,1.6175834809682499,-0.011947104620123227,0.07679825084791493,1782152745.1139686,None,None,None, None, 1782152745.1327052,1.0929241980857956,apf_colreg,static_obstacle,-1.0,1.6732189784208122,0.0,16.202566858615455,0.18116696491166273,5.310187484706159,2.5873123652257597,1.3551835830212484
1782152745.278575,17.147196769714355,-192.28222234727602,200.0,0.2,6.275808266957322,6.812115721030207,1.6171248467815147,-0.008356029252243664,0.07598575861799013,1782152745.2112029,None,None,None, None, 1782152745.2112029,1.0457505628350787,apf_colreg,static_obstacle,-1.0,1.7013847363569579,0.0,16.17803610158389,0.2302096262633162,5.340575477489565,2.580668538051304,1.3729348345453996
1782152745.3793,17.24792194366455,-185.49844218094972,200.0,0.2,6.265580379655255,6.3842852722106676,1.6116244637818513,-0.007208472500972073,0.07499770231387178,1782152745.3482716,6.377727007494545,1.61155989871968,6.250021144960977, 1782152745.33066, 1782152745.353275,1.0451004553307603,apf_colreg,static_obstacle,-1.0,1.7241214413770227,0.0,16.103110181251104,0.39658231132439337,5.379494201489019,2.5763903607887055,1.3813426933178086
1782152745.4789364,17.34755825996399,-181.85766539795418,200.0,0.2,6.263357729400179,6.423434270079923,1.6108677595933614,-0.003856803024706803,0.07471449611165648,1782152745.421702,None,None,None, None, 1782152745.425368,1.0217998037849643,apf_colreg,static_obstacle,-1.0,1.473086846079114,0.0,16.17035015662041,0.48405228158258407,5.271410041787153,2.5767636131282656,1.4356015782109872
1782152745.5786307,17.44725251197815,-176.70288264077652,200.0,0.2,6.2618174648162235,6.481293953416055,1.6096166532004688,0.0023296325309790995,0.07505095198179987,1782152745.5661263,None,None,None, None, 1782152745.5661263,0.9838997445850114,apf_colreg,static_obstacle,-1.0,1.5229854099996203,0.0,16.216070961220836,0.6026907992591726,5.242601161108885,2.5726981645138465,1.4105021343654214
1782152745.6792388,17.547860622406006,-178.03019792852734,200.0,0.2,6.265910601198524,6.546031430107432,1.6081181878046422,0.054079400116101725,0.0787595706639447,1782152745.6347036,None,None,None, None, 1782152745.637711,1.099019390381007,apf_colreg,static_obstacle,-1.0,1.5789573856026031,0.0,16.2101811828948,0.5727660196807385,5.227203672442878,2.5689726834195024,1.4274120107957666
1782152745.778622,17.64724373817444,-178.41535095511364,200.0,0.2,6.267709485449791,6.6125441569491885,1.6069944304686459,0.013278030542502888,0.07975228001870727,1782152745.709467,None,None,None, None, 1782152745.7700937,0.9844027959541346,apf_colreg,static_obstacle,-1.0,1.5789573856026031,0.0,16.21461301159576,0.5642399642495981,5.227203672442878,2.5689726834195024,1.4274120107957666
1782152745.8787723,17.74739408493042,-180.15770431430428,200.0,0.2,6.269517135559197,6.679422234505054,1.6059521286411496,0.017103341158115234,0.0821176262538675,1782152745.8477643,None,None,None, None, 1782152745.829686,1.0544848226480852,apf_colreg,static_obstacle,-1.0,1.6855995931710073,0.0,16.177257613293516,0.5234032291363686,5.22514102974844,2.564260616611168,1.433596655229133
1782152745.9789608,17.847582578659058,-183.90222208198713,200.0,0.2,6.271308608288093,6.746545081641009,1.6050247316016737,0.017103341158115234,0.08553829448549054,1782152745.9904816,None,None,None, None, 1782152745.901841,0.9205539946179712,apf_colreg,static_obstacle,-1.0,1.7304037383905495,0.0,16.11452911540372,0.43470575787023247,5.234653049482818,2.5582856310688293,1.4404872653047989
1782152746.079493,17.94811487197876,-185.29044455331513,200.0,0.2,6.274041759262907,6.814102882766776,1.6042223302117395,0.023968761514901904,0.09076834606432027,1782152746.065967,None,None,None, None, 1782152746.079493,1.0678971848601904,apf_colreg,static_obstacle,-1.0,1.7304037383905495,0.0,16.11522498307962,0.40184383430285564,5.234653049482818,2.5582856310688293,1.4404872653047989
1782152746.1791794,18.04780125617981,-184.66078885164237,200.0,0.2,6.276735564281518,6.881879787880736,1.6036278591228665,0.02093869354656376,0.09239514566349542,1782152746.1436605,None,None,None, None, 1782152746.1586642,1.0207925426936109,apf_colreg,static_obstacle,-1.0,1.8084682651788073,0.0,16.116518545963398,0.41684327550636,5.273286750920994,2.5510291288790534,1.4668397197420902
1782152746.2788792,18.14750099182129,-186.34981057581487,200.0,0.2,6.279763678855843,6.949625539992023,1.6032205410864862,0.02336568855267116,0.09527409233803869,1782152746.2668731,None,None,None, None, 1782152746.238784,0.9185076042880139,apf_colreg,static_obstacle,-1.0,1.8288276793315843,0.0,16.105549670486823,0.37623770467611806,5.313011560843379,2.5434486754926726,1.4851415544007656
1782152746.3792002,18.247822046279907,-190.72456638842687,200.0,0.2,6.279425442633087,6.554613187067398,1.6066347676736075,0.022611177269388473,0.09712372401287782,1782152746.3486748,6.548499178673859,1.6066823588071832,6.2727827109657985, 1782152746.345677, 1782152746.3341503,1.0108110262602577,apf_colreg,static_obstacle,-1.0,1.848154943967722,0.0,16.05892650267662,0.26788455193126737,5.354919830860839,2.5373460134812498,1.4969859855892258
1782152746.4782505,18.346872329711914,-199.61048471198094,200.0,0.2,6.2960960165300435,6.596897324937769,1.6065123545457922,0.17218799369305546,0.11917610666327519,1782152746.4767463,None,None,None, None, 1782152746.4140882,0.984724544174867,apf_colreg,static_obstacle,-1.0,1.5861845739961682,0.0,16.097283859024984,0.03374865546868655,5.268886021640038,2.5355519646645623,1.5392265111196595
1782152746.5789628,18.447584629058838,-200.0,199.2942066323174,0.2,0.021939187467024758,6.658213725973007,1.6077585226100064,0.016722048719028552,0.1204839400238623,1782152746.5549564,None,None,None, None, 1782152746.56598,0.9848377709011774,apf_colreg,static_obstacle,-1.0,1.642207516354875,0.0,16.13786500510434,-0.04264885330286816,5.237570677463992,2.52796587602159,1.5362896103128003
1782152746.6788836,18.547505378723145,-200.0,195.68570024234566,0.2,0.02816906442845845,6.7262502535525845,1.6095684231169889,0.017590445971692355,0.12182023891873504,1782152746.6309237,None,None,None, None, 1782152746.651868,1.0039423630392486,apf_colreg,static_obstacle,-1.0,1.701322772957229,0.0,16.126384303608315,-0.14069990271626853,5.222810928471948,2.5210591230198656,1.5414465345872592
1782152746.7784536,18.647075414657593,-200.0,176.9479148622832,0.2,0.05330605987416097,6.795191177909753,1.6117434031057218,0.20168611671320888,0.14976015648301025,1782152746.7694554,None,None,None, None, 1782152746.735423,0.9239083091185367,apf_colreg,static_obstacle,-1.0,1.7535712601000535,0.0,16.087733594990873,-0.5925022795793575,5.222763958710942,2.5120877445014345,1.547584610341114
1782152746.8792162,18.747838020324707,-200.0,164.7493518324168,0.2,0.06396345578311423,6.862149107889069,1.6160464083183448,0.009119470239711923,0.1504458892005153,1782152746.8446498,None,None,None, None, 1782152746.8607056,1.0243730477942294,apf_colreg,static_obstacle,-1.0,1.798149149003564,0.0,16.053534998951662,-0.848657031674283,5.226842779925049,2.491302192841266,1.5681063955007706
1782152746.978575,18.84719681739807,-200.0,152.4171191502076,0.2,0.07079375393611366,6.927565669509221,1.6207304255413444,0.0021149512598432397,0.1507163735752769,1782152746.9725413,None,None,None, None, 1782152746.9262831,0.9675232277811234,apf_colreg,static_obstacle,-1.0,1.8336605957113503,0.0,15.995288200983508,-1.084401250773257,5.242065034320218,2.4749054042152627,1.5775709577915165
1782152747.079802,18.948423862457275,-200.0,167.47636847243274,0.2,0.0490193368082459,6.991512953150886,1.625643306322318,-0.23831864245836287,0.13231892830529504,1782152747.0497382,None,None,None, None, 1782152747.0457375,1.0218258334567496,apf_colreg,static_obstacle,-1.0,1.8336605957113503,0.0,16.021931391271735,-0.7914929214687323,5.242065034320218,2.4749054042152627,1.5775709577915165
1782152747.1791067,19.047728538513184,-200.0,90.11260545205224,0.2,0.041858071796939525,7.056779002555647,1.6285009011505513,-0.02290205135302783,0.12941370733105265,1782152747.1765924,None,None,None, None, 1782152747.1765924,1.0696225239261576,track,none,0.0,nan,nan,16.021931391271735,-0.7914929214687323,5.269971498166587,2.469794063969775,1.5955670608342472
1782152747.2784414,19.14706325531006,-200.0,91.32058754155297,0.2,0.03842936733680124,7.115638787518082,1.6309660981794003,-0.030688126525178043,0.12658237312498943,1782152747.268854,None,None,None, None, 1782152747.2383375,0.9895530744748222,track,none,0.0,nan,nan,16.021931391271735,-0.7914929214687323,5.3042118408955865,2.465920646466496,1.6031760563539657
1782152747.3790915,19.247713327407837,-200.0,106.69546464714878,0.2,0.016680109557524858,6.7222740647140995,1.6060614861173583,-0.06926428641249703,0.12196751625461677,1782152747.3354807,6.7163195164207785,1.6057015560444157,6.2691793083577405, 1782152747.362068, 1782152747.378091,0.9030703037658784,track,none,0.0,nan,nan,16.021931391271735,-0.7914929214687323,5.340082642874273,2.462991603625093,1.6109325381311743
1782152747.4784324,19.34705424308777,-200.0,200.0,0.2,0.013789568509765234,6.748796249123799,1.6065468495898045,-0.05088007464595253,0.11811139182289809,1782152747.4112692,None,None,None, None, 1782152747.4573696,1.0332824001273795,apf_colreg,static_obstacle,-1.0,1.6805926556895685,0.0,16.01710944838465,0.0012247198147683491,5.272868324599248,2.456716924517558,1.6607808362895962
1782152747.5792384,19.44786024093628,-197.42920620678453,200.0,0.2,0.008166629416163073,6.801158483142071,1.6072063886156904,-0.04398340020356233,0.11206663986573423,1782152747.5487018,None,None,None, None, 1782152747.524149,0.9224419927842173,apf_colreg,static_obstacle,-1.0,1.7234034102126836,0.0,16.017914605888034,0.09321984976688924,5.247607722655026,2.453040985618649,1.6380843006340282
1782152747.6794379,19.548059701919556,-200.0,-200.0,0.2,0.0028868351796103994,6.866394964042333,1.6075746243519404,-0.027435447613964343,0.10860341094469,1782152747.6749337,None,None,None, None, 1782152747.6749337,0.9392534451135056,apf_avoid,none,0.0,nan,nan,11.530658253238483,-6.716635919115152,5.233469548258919,2.446262126722046,1.6610088767289195
1782152747.7796104,19.648232221603394,-200.0,-200.0,0.2,0.004283168643934731,6.9126880628442375,1.6079787966754946,-0.03552703154085102,0.1063070351946231,1782152747.739571,None,None,None, None, 1782152747.751087,1.0003104022656955,apf_avoid,none,0.0,nan,nan,11.52124930939021,-6.737175864776017,5.234194066269887,2.44033343861369,1.6704452049181515
1782152747.8789852,19.747606992721558,-200.0,-200.0,0.2,0.003946483829439868,6.953181281492112,1.6085561732768325,-0.08252738662915007,0.09517286314095612,1782152747.874486,None,None,None, None, 1782152747.874486,1.066498242778236,apf_avoid,none,0.0,nan,nan,11.523491896531853,-6.739647546467035,5.234112130127768,2.4243860017557095,1.686206562965058
1782152747.9786243,19.847246170043945,-200.0,-200.0,0.2,0.004301726652467128,6.991008158559267,1.6090940432806584,-0.0770527664962685,0.08876731035444246,1782152747.957618,None,None,None, None, 1782152747.957618,1.0071934121494794,apf_avoid,none,0.0,nan,nan,11.521071506655334,-6.749657274209721,5.2389022194917985,2.408422112156343,1.692757513359496
1782152748.0788844,19.947506189346313,-200.0,-200.0,0.2,0.0036145991416746716,7.027467755986497,1.6096392899037184,-0.0883100254390113,0.08208699586093751,1782152748.0332642,None,None,None, None, 1782152748.0362675,0.9951049656615104,apf_avoid,none,0.0,nan,nan,11.525684982407856,-6.747736909913547,5.246993784433856,2.3917848279779554,1.6972384139535475
1782152748.1788602,20.047482013702393,-200.0,-200.0,0.2,0.0028981200783140433,7.063192848276595,1.6101399422958964,-0.08606561074303809,0.07149947688875873,1782152748.156281,None,None,None, None, 1782152748.174289,0.904209205651125,apf_avoid,none,0.0,nan,nan,11.530500675468925,-6.744984419876453,5.254623151185026,2.3712476796581035,1.7084431649376637
1782152748.2783532,20.14697504043579,-200.0,-200.0,0.2,0.002245411760599555,7.098513430814125,1.6106080543981376,-0.08485581633687968,0.0635598221336091,1782152748.2498474,None,None,None, None, 1782152748.2373216,1.0824406184707984,apf_avoid,none,0.0,nan,nan,11.534889164292307,-6.742606150079755,5.254623151185026,2.3712476796581035,1.7084431649376637
1782152748.3783245,20.246946334838867,-200.0,-200.0,0.2,-0.045862124169855245,6.843046941817982,1.6027587458841095,-0.11633094649437635,0.04884641076982903,1782152748.3763263,6.839209465016914,1.6026492270717259,6.152916837935954, 1782152748.374326, 1782152748.3763263,0.9235657266942979,apf_avoid,none,0.0,nan,nan,11.841830547089405,-6.093852647425463,5.265844395702451,2.348786922101343,1.7118291484451111
1782152748.4789252,20.34754705429077,-200.0,-200.0,0.2,6.23933755560895,6.852084935889563,1.602424472753118,-0.08370588088868261,0.0420171326025273,1782152748.457913,None,None,None, None, 1782152748.457913,1.0537921168951747,apf_avoid,none,0.0,nan,nan,11.829370063603887,-6.114020656516349,5.2238789265842085,2.338192487596582,1.7460688874803714
1782152748.57867,20.4472918510437,-200.0,-200.0,0.2,6.240466592915379,6.8681453483523205,1.6018751736729446,-0.0836080969030501,0.03686813217751298,1782152748.5806766,None,None,None, None, 1782152748.5355456,1.0107361919069286,apf_avoid,none,0.0,nan,nan,11.822201527703708,-6.121335779476931,5.196750838876124,2.322447648351837,1.7291368346484841
1782152748.6793284,20.547950267791748,-200.0,-200.0,0.2,6.240379028617969,6.890132026487642,1.6011569393815412,-0.08933993679376419,0.024223315116581268,1782152748.6610339,None,None,None, None, 1782152748.67255,0.97421692022926,apf_avoid,none,0.0,nan,nan,11.822399401811513,-6.112407213349188,5.175584906735905,2.3058438602234728,1.7332452598039807
1782152748.7785075,20.64712929725647,-200.0,-200.0,0.2,6.242663560652649,6.916641597131985,1.6002881262822433,-0.06212096926600996,0.018945118681088204,1782152748.7460003,None,None,None, None, 1782152748.7665052,1.0924406413770675,apf_avoid,none,0.0,nan,nan,11.808017414727578,-6.1298507905738795,5.15756025123298,2.2815808458144726,1.744409747289889
1782152748.8785458,20.747167587280273,-200.0,-200.0,0.2,6.103234502097536,6.946310783691451,1.5994160244679694,-1.3415692411069724,6.127677972876485,1782152748.8760364,None,None,None, None, 1782152748.8364787,0.9609361522749675,apf_avoid,none,0.0,nan,nan,12.543622378361867,-4.4198739400718905,5.145874448555822,2.2566049778127724,1.7488364750676677
1782152748.978982,20.847603797912598,-200.0,-194.42232214095014,0.2,6.06072062768261,6.97710401426337,1.5925279871772702,-0.06531370690158303,6.121771357103084,1782152748.966471,None,None,None, None, 1782152748.9714715,0.9242521260705049,apf_avoid,none,0.0,nan,nan,12.70342049023853,-3.808861658603225,5.147664141091143,2.2604106002048963,1.7617551326751706
1782152749.0793629,20.94798469543457,-200.0,-153.23533457837888,0.2,6.038892715030336,7.009224417571972,1.5847254243154647,-0.07114838282544171,6.1153766599346415,1782152749.0563493,None,None,None, None, 1782152749.0683572,0.9193070401179584,apf_avoid,none,0.0,nan,nan,12.762767923284988,-3.4474073416289084,5.1667647390640115,2.285582058866974,1.7660060228443322
1782152749.1802816,21.048903465270996,-200.0,-17.84142297823666,0.2,5.986057510856429,7.044192657844386,1.5758640908490507,-0.436889825939375,6.081134646523118,1782152749.134726,None,None,None, None, 1782152749.148729,0.9550839046699813,apf_avoid,none,0.0,nan,nan,12.8984796436745,-2.6753834245528783,5.185368525178695,2.3006010639373464,1.7750163684180706
1782152749.2787108,21.147332668304443,-200.0,37.046805783191154,0.2,5.96467772930132,7.084630402549528,1.5628560315304494,-0.08085309351569174,6.073997960130959,1782152749.2229934,None,None,None, None, 1782152749.2536802,0.998796181997109,apf_avoid,none,0.0,nan,nan,12.907918448755698,-2.2631344856475755,5.200155922507097,2.315544943743769,1.7850832510941501
1782152749.3804786,21.24910044670105,-200.0,-22.974341768347795,0.2,5.976060031363618,6.921964338287705,1.5921265736739387,-0.07540920571014263,6.06711441130793,1782152749.4080384,6.919215778591149,1.59271498703443,6.024206095304506, 1782152749.375365, 1782152749.4120398,1.091605072002526,apf_avoid,none,0.0,nan,nan,12.978662850733166,-2.7168161506348314,5.1910318668105315,2.3363377971479573,1.791250855889152
1782152749.4791982,21.347820043563843,-200.0,12.76816587803622,0.2,5.9687737672862955,6.954973595153469,1.5816448709168967,-0.07567256972927507,6.06001916972499,1782152749.4952357,None,None,None, None, 1782152749.4120398,1.091605072002526,apf_avoid,none,0.0,nan,nan,12.962456671444276,-2.512532288442415,5.186557865624735,2.34356482499009,1.8047944666610936
1782152749.5909169,21.45953869819641,-200.0,34.26080833957858,0.2,5.962621091098451,6.995698428975384,1.5684954565026867,-0.0815076970208464,6.0529119183081095,1782152749.592918,None,None,None, None, 1782152749.5042326,0.9955805528152526,apf_avoid,none,0.0,nan,nan,12.93209253582208,-2.2954563417113243,5.186557865624735,2.34356482499009,1.8047944666610936
1782152749.6790323,21.547654151916504,-200.0,54.48054407678747,0.2,5.958118085638086,7.041355577413915,1.5534770641999263,-0.06672050458559486,6.041015897365483,1782152749.673532,None,None,None, None, 1782152749.673532,1.0697362750503574,apf_avoid,none,0.0,nan,nan,12.889536766738694,-2.080649434895553,5.186557865624735,2.34356482499009,1.8047944666610936
1782152749.7787154,21.647337198257446,-200.0,76.07318042173577,0.2,5.952655315737869,7.090196510286142,1.5371970153617616,-0.07731852551609407,6.034973451971374,1782152749.751682,None,None,None, None, 1782152749.7506819,0.9863774152249416,apf_avoid,none,0.0,nan,nan,12.842590914526621,-1.8408191744606777,5.1980745586462715,2.339513765840719,1.819758996610998
1782152749.8789034,21.747525215148926,-200.0,95.94123603646557,0.2,5.948570271345466,7.141461912512707,1.5197606173747715,-0.05809629618133448,6.030434678832207,1782152749.829807,None,None,None, None, 1782152749.8308072,1.029771060747812,apf_avoid,none,0.0,nan,nan,12.787015251274303,-1.6071788910723972,5.211610751989247,2.3302937192976674,1.8370101268545735
1782152749.97867,21.847291707992554,-200.0,194.8642088820282,0.2,5.847787048900605,7.194846153188001,1.5013554416679114,-0.9178143235298675,5.902089596390547,1782152749.9696448,None,None,None, None, 1782152749.9270904,0.9259556149623634,apf_avoid,none,0.0,nan,nan,12.79844172362988,-0.12891932571557962,5.2309883514519155,2.3196079976863113,1.8452493652678346
1782152750.0787182,21.94734001159668,-167.2397065689748,200.0,0.2,5.811549437924523,7.253697672932109,1.4713881546607364,-0.04637853979322367,5.898285272660718,1782152750.0516725,None,None,None, None, 1782152750.063204,0.9795999261758117,apf_avoid,none,0.0,nan,nan,12.644940036925854,0.6285008651055146,5.239150786529826,2.3238732293907844,1.8654063100287988
1782152750.1790051,22.047626972198486,-124.42611559915574,200.0,0.2,5.788179191295457,7.311375871837273,1.44034541721957,-0.03693455035184872,5.895414149727325,1782152750.129408,None,None,None, None, 1782152750.1274083,0.9278480226256081,apf_avoid,none,0.0,nan,nan,12.464589228551484,1.2242997287829254,5.295329585794613,2.341726244938553,1.873587936172276
1782152750.2782404,22.146862268447876,-81.55453087253255,200.0,0.2,5.773005447558597,7.36503812732168,1.4102591862120124,-0.011722657698951396,5.893880571661605,1782152750.2602296,None,None,None, None, 1782152750.2672377,0.9841761198544116,apf_avoid,none,0.0,nan,nan,12.282964325004077,1.702090472069433,5.34975747159473,2.354041449902341,1.883376009088813
1782152750.3792136,22.247835397720337,-39.838282457600116,200.0,0.2,5.763187890074437,7.414798812772508,1.3815641039304427,0.011846359993396153,5.8947411978933495,1782152750.3328786,None,None,None, None, 1782152750.3463988,0.969602119861601,apf_avoid,none,0.0,nan,nan,12.108824810534855,2.0965191919399953,5.399273559870793,2.3614086603896216,1.9044494688933504
1782152750.4786496,22.34727144241333,-200.0,186.09129913746045,0.2,5.820809428397484,7.051052510794837,1.5548325087347918,0.022513412169264602,5.896461513370443,1782152750.4092915,7.046730379545713,1.5569457446952282,5.941207193731265, 1782152750.39027, 1782152750.4262996,0.9189484610168002,apf_avoid,none,0.0,nan,nan,13.059665278154641,-0.3101216941526923,5.448206169175736,2.365002612107398,1.9129058542567634
1782152750.5813417,22.449963569641113,-200.0,195.804978453586,0.2,5.8168700213023445,7.080943126109022,1.5397773833588149,0.007159708157314236,5.897230441702366,1782152750.516688,None,None,None, None, 1782152750.516688,1.013716195210978,apf_avoid,none,0.0,nan,nan,12.986329330572548,-0.11074733305886264,5.3470605618948515,2.3961430473416785,1.9236570470766161
1782152750.6800482,22.548670053482056,-194.66690501175128,200.0,0.2,5.817253648919656,7.131142453807393,1.5143976813241906,0.02142597773811071,5.900568902441308,1782152750.6725018,None,None,None, None, 1782152750.6745057,1.094209646944034,apf_avoid,none,0.0,nan,nan,12.860864255079235,0.13368819387440212,5.320542212525124,2.412461042837781,1.9605065885643749
1782152750.779369,22.647990942001343,-180.5481279559646,200.0,0.2,5.818963933539602,7.19026697865614,1.4846442239428228,0.01873997766435715,5.902234182190975,1782152750.7613642,None,None,None, None, 1782152750.751364,1.0737376769442089,apf_avoid,none,0.0,nan,nan,12.7145384960826,0.4043435563622406,5.3064829777576445,2.4208147266074684,1.9817305173646131
1782152750.8793087,22.7479305267334,-164.24240816513242,200.0,0.2,5.821136244522137,7.250214490913081,1.4546148336940234,0.021244139494041605,5.904272337206063,1782152750.8573039,None,None,None, None, 1782152750.842301,0.913508909416477,apf_avoid,none,0.0,nan,nan,12.568134267665352,0.672408595057977,5.303925317502075,2.4222456696373693,1.99732290139183
1782152750.981489,22.85011076927185,-146.40987547444982,200.0,0.2,5.823734420528284,7.3088656564745555,1.4253622448054202,0.028162211435084815,5.906291691332302,1782152750.9290082,None,None,None, None, 1782152750.9195054,0.9230037895727404,apf_avoid,none,0.0,nan,nan,12.42714428242472,0.9281609449945183,5.3110132769982945,2.420184341307418,2.015426622248299
1782152751.0785825,22.94720435142517,-129.0421674285124,200.0,0.2,5.82841427314514,7.365816255558995,1.3971016713270394,0.05087098838673743,5.9099027845807495,1782152751.0893388,None,None,None, None, 1782152751.088332,1.0209731351636004,apf_avoid,none,0.0,nan,nan,12.294801752389452,1.1492641520988456,5.329572567855719,2.410712376741646,2.033599899655189
1782152751.178816,23.04743790626526,-112.47159735630635,200.0,0.2,5.834759658059703,7.421163103561932,1.3699622784265166,0.06493299415862769,5.919792366006289,1782152751.152298,None,None,None, None, 1782152751.152298,0.9370166802309874,apf_avoid,none,0.0,nan,nan,12.172418370953242,1.3402438527981584,5.329572567855719,2.410712376741646,2.033599899655189
1782152751.278781,23.1474027633667,-97.91474034528049,200.0,0.2,5.843371130195868,7.475058345533485,1.3439636829853399,0.08402577038748875,5.925558131422781,1782152751.2817867,None,None,None, None, 1782152751.282786,1.0399963747514172,apf_avoid,none,0.0,nan,nan,12.061744342618729,1.4941406406555588,5.351809368869198,2.3970138821177764,2.0478047579895944
1782152751.3786635,23.24728536605835,-85.57540991134613,200.0,0.2,5.853913165192767,7.527765322533709,1.3191218901528217,0.09776668014586923,5.938049518565146,1782152751.3486843,None,None,None, None, 1782152751.3496065,0.9469982818826894,apf_avoid,none,0.0,nan,nan,11.96309192103939,1.6153712150778432,5.376348261191755,2.3816510190145253,2.0640043015770733
1782152751.4787776,23.347399473190308,-200.0,155.7089398281983,0.2,5.907607524377056,7.231002113850962,1.4935617630158633,0.0767896363823852,5.943581541732329,1782152751.4207256,7.22651266477412,1.49611409323388,5.993156649380232, 1782152751.393188, 1782152751.4207256,0.9353348071415837,apf_avoid,none,0.0,nan,nan,12.736394791274588,-0.8140863615515255,5.403369594279504,2.366101196196914,2.080228156077701
1782152751.5783994,23.44702124595642,-200.0,154.97864493231563,0.2,5.918657412495152,7.2644483453468425,1.480563848419301,0.06248533358762006,5.951808881207746,1782152751.552394,None,None,None, None, 1782152751.5643966,0.9399839168638352,apf_avoid,none,0.0,nan,nan,12.67564936031468,-0.8211871867424205,5.357234475386415,2.3667809532678064,2.0947893890059643
1782152751.6870463,23.555668115615845,-200.0,159.05361720017518,0.2,5.928623547912661,7.31450535239526,1.4618550555023755,0.031426768355474255,5.953963152167534,1782152751.6209428,None,None,None, None, 1782152751.6325247,0.9856158973647272,apf_avoid,none,0.0,nan,nan,12.595387555124814,-0.7544756481638619,5.3317014221058345,2.359681188521374,2.111091214695609
1782152751.7786381,23.647259950637817,-200.0,166.95440476389288,0.2,5.9357186806874855,7.372439174662172,1.440833749783767,0.009601229616054674,5.9547705401144775,1782152751.705035,None,None,None, None, 1782152751.7981613,1.0423295375082935,apf_avoid,none,0.0,nan,nan,12.510978250003797,-0.6264064309140298,5.316078799806019,2.3508262815696264,2.125517758212277
1782152751.879286,23.747907876968384,-200.0,177.90829637427535,0.2,5.9389031150742575,7.433414255225979,1.4191035226601167,-0.01324873406581939,5.953351262578979,1782152751.8121605,None,None,None, None, 1782152751.8672657,1.0804237609640175,apf_avoid,none,0.0,nan,nan,12.428241561985018,-0.4412379906454027,5.309716847559822,2.3363723052080525,2.1419230493545407
1782152751.979173,23.847794771194458,-200.0,190.82888063426037,0.2,5.9383472989219195,7.496085877162836,1.3968480709764979,-0.029399520912540823,5.9485739553847194,1782152751.9746566,None,None,None, None, 1782152751.9364371,0.9908279865576084,apf_avoid,none,0.0,nan,nan,12.34572829302319,-0.20393204460406134,5.310799510010931,2.3191936448064103,2.1591110545333025
1782152752.0789127,23.947534561157227,-197.60418677686258,200.0,0.2,5.935611653917088,7.560287540430485,1.373846063479256,-0.03067581777532718,5.946281115172717,1782152752.0494008,None,None,None, None, 1782152752.028357,0.9213279028760164,apf_avoid,none,0.0,nan,nan,12.260056218387849,0.06773405805548993,5.31990008851305,2.3024801998969404,2.1748374907682577
1782152752.1896832,24.058305025100708,-181.50863546422175,200.0,0.2,5.930828057165282,7.625339225996017,1.3502121252307617,-0.035363699442090515,5.943518621251507,1782152752.1275175,None,None,None, None, 1782152752.1075122,0.9177447485734636,apf_avoid,none,0.0,nan,nan,12.169872233432356,0.370381254423388,5.335791064766507,2.284422063503317,2.1932067398361283
1782152752.2798498,24.14847159385681,-162.14409096210852,200.0,0.2,5.925476533759213,7.688748671772035,1.32670552728616,-0.02696920039663264,5.941059670115662,1782152752.3043625,None,None,None, None, 1782152752.2993617,1.0893667860836314,apf_avoid,none,0.0,nan,nan,12.077182126774787,0.6777083188146109,5.355452128060317,2.2663655056582908,2.212295131266822
1782152752.380205,24.24882674217224,-140.38393206378467,200.0,0.2,5.920550672462536,7.749944827983192,1.3035549799198467,-0.013249636865926,5.93992458959496,1782152752.3043625,None,None,None, None, 1782152752.3937237,1.0628215640757221,apf_avoid,none,0.0,nan,nan,11.983360962742845,0.9752849647880326,5.381913619508003,2.2474893451453672,2.228370973527167
1782152752.4806004,24.34922218322754,-200.0,157.31583289922247,0.2,5.944485561627095,7.399369685846031,1.4446988925068116,0.007019001384651297,5.94057287808869,1782152752.4806004,7.393964020742456,1.4468615486025052,5.996715581308325, 1782152752.402727, 1782152752.4806004,1.0551832827536975,apf_avoid,none,0.0,nan,nan,12.519132504794833,-0.7761643073475795,5.410759972824509,2.2282322681320577,2.248092750785658
1782152752.5859501,24.454571962356567,-200.0,164.99761782040764,0.2,5.945033326894635,7.434188694328327,1.432412056969742,0.012386888982944658,5.9425357475996226,1782152752.555188,None,None,None, None, 1782152752.5541856,1.024722431282382,apf_avoid,none,0.0,nan,nan,12.473868507352865,-0.6555204724641457,5.338438145934783,2.2336514621330377,2.264195702305202
1782152752.6819177,24.55053949356079,-200.0,174.50289455578752,0.2,5.947544648009796,7.486081459130969,1.4142544712404579,0.00955717559749048,5.943402468646439,1782152752.645876,None,None,None, None, 1782152752.6448753,1.077916820177858,apf_avoid,none,0.0,nan,nan,12.406395919496283,-0.49825604740338925,5.314534990801808,2.228822619760237,2.2741723731244834
1782152752.7787986,24.647420406341553,-200.0,185.83716594176818,0.2,5.948812289011966,7.546241356526042,1.3934177052760415,-0.007581976120956127,5.942673827390384,1782152752.7419777,None,None,None, None, 1782152752.7334604,1.0552009552047956,apf_avoid,none,0.0,nan,nan,12.330534726313871,-0.2974722725777199,5.301994114309941,2.218144677495328,2.294707953236949
1782152752.8785512,24.747173070907593,-200.0,198.4940657161961,0.2,5.947151946431593,7.609678343329904,1.371480691818288,-0.027043147558930107,5.939928392492061,1782152752.8434982,None,None,None, None, 1782152752.8760462,1.0703973149427781,apf_avoid,none,0.0,nan,nan,12.251441831965572,-0.049188104385706755,5.298977598059939,2.206700930953967,2.316581636856973
1782152752.979171,24.847792863845825,-189.75887990519624,200.0,0.2,5.944400671511073,7.674945508435222,1.3486645353366669,-0.02258594151091671,5.938306339709573,1782152752.9881716,None,None,None, None, 1782152752.9415781,1.0549421162338355,apf_avoid,none,0.0,nan,nan,12.168120592232807,0.22123109018742615,5.305284043031623,2.1930559251790065,2.3332083765942437
1782152753.0781672,24.946789026260376,-173.77778585663785,200.0,0.2,5.941199195758866,7.739511737349198,1.3258067098138113,-0.017042492528618378,5.935915244897222,1782152753.055617,None,None,None, None, 1782152753.0741582,1.0233885350594807,apf_avoid,none,0.0,nan,nan,12.083028654639978,0.4970613669087647,5.318560285315267,2.175426533437978,2.352868440014459
1782152753.1784272,25.047049045562744,-155.66442135458942,200.0,0.2,5.938121943687182,7.802316155489707,1.3032732286248443,-0.007993966347884848,5.9353254057459885,1782152753.1294026,None,None,None, None, 1782152753.1524298,0.9082329296542462,apf_avoid,none,0.0,nan,nan,11.997598850687629,0.7674989337086475,5.337860882260108,2.1589464558776132,2.370253721929388
1782152753.2783477,25.14696955680847,-137.6927373076475,200.0,0.2,5.9374010357399465,7.863086976601597,1.2812005898812746,0.019182346833662545,5.937932694110908,1782152753.2653239,None,None,None, None, 1782152753.2178402,0.9329387086473456,apf_avoid,none,0.0,nan,nan,11.914749438498765,1.0045756315440442,5.361866882700635,2.140826792654455,2.3870284443611327
1782152753.3790047,25.247626543045044,-122.91777061921545,200.0,0.2,5.938759978771369,7.921929703574746,1.259783462432269,0.03706916471889988,5.940772999155926,1782152753.3419456,None,None,None, None, 1782152753.353956,0.9784335347781309,apf_avoid,none,0.0,nan,nan,11.723026100162588,1.169409650390045,5.361866882700635,2.140826792654455,2.3870284443611327
1782152753.4792268,25.347848653793335,-200.0,176.27398422969654,0.2,5.961169722523417,7.569536257542171,1.3949256123314646,0.04660191630636942,5.944158281879783,1782152753.4145882,7.564125671922838,1.3969843839194522,5.998991980816672, 1782152753.409588, 1782152753.4250996,1.0645496640945171,apf_avoid,none,0.0,nan,nan,12.331166796849285,-0.46555384286139123,5.38920751842451,2.1213810891157716,2.4067522255912834
1782152753.57938,25.448001861572266,-200.0,179.80555788111457,0.2,5.966109743062229,7.6049015020981505,1.3831786122205667,0.03839314385503125,5.94977310561559,1782152753.5608337,None,None,None, None, 1782152753.55082,1.035642977435768,apf_avoid,none,0.0,nan,nan,12.288428026505818,-0.4036884316440852,5.34185539160014,2.124471198873856,2.422063959566406
1782152753.679194,25.547815799713135,-200.0,186.04973044413225,0.2,5.971863967114502,7.6587980515677225,1.3656747033668726,0.027044794598313465,5.951930761425102,1782152753.6406145,None,None,None, None, 1782152753.6808069,1.0010168804895707,apf_avoid,none,0.0,nan,nan,12.226922543925504,-0.2911043376917144,5.31394624203459,2.121745501327201,2.4382222099516455
1782152753.7784934,25.647115230560303,-200.0,193.8456569102993,0.2,5.976723025884344,7.721107536519206,1.3458496285450554,0.016827549620656395,5.954149951341252,1782152753.772493,None,None,None, None, 1782152753.772493,1.0808575468388788,apf_avoid,none,0.0,nan,nan,12.159572933356348,-0.14259702564448862,5.297256250054626,2.1146862751374678,2.4551677145956954
1782152753.8788676,25.74748945236206,-199.34750343259512,200.0,0.2,5.980105697648033,7.78630351202743,1.3254114465745044,0.008767645515154398,5.954753119123754,1782152753.8412876,None,None,None, None, 1782152753.8412876,0.9394177894784097,apf_avoid,none,0.0,nan,nan,12.091921035698867,0.03084515181140901,5.29146455815201,2.1043198714329594,2.4722670469901953
1782152753.9791493,25.847771167755127,-189.76228543932373,200.0,0.2,5.9824837871105965,7.852599249815669,1.3048075459950539,0.007375507648700384,5.95568435630603,1782152753.9675484,None,None,None, None, 1782152753.9269648,0.9727348239938681,apf_avoid,none,0.0,nan,nan,12.024830761069163,0.21856262078335376,5.294277270606267,2.0919632891993216,2.4925407849400676
1782152754.0788097,25.947431564331055,-180.58575886428778,200.0,0.2,5.984602197352515,7.9180731566533815,1.2845628869426946,0.01242811707009891,5.956581738217077,1782152754.0397542,None,None,None, None, 1782152754.0592556,1.0875710660831768,apf_avoid,none,0.0,nan,nan,11.864754293085802,0.3766859076535056,5.305571965869808,2.0778276312962016,2.5090090373368694
1782152754.178981,26.047602891921997,-175.25058710193386,200.0,0.2,5.987399488972686,7.982526064727416,1.2647377263294004,0.02342153551477833,5.959783923612255,1782152754.1764739,None,None,None, None, 1782152754.1449285,0.99571538410582,apf_avoid,none,0.0,nan,nan,11.46309737126827,0.44877057013041344,5.322813488303266,2.06018868638561,2.5298490196405647
1782152754.2791038,26.147725582122803,-169.29511794423155,200.0,0.2,5.990142696223549,8.046340660539105,1.2452918362870506,0.0249790714141271,5.961485515892017,1782152754.2445946,None,None,None, None, 1782152754.2210486,0.9188025317588553,apf_avoid,none,0.0,nan,nan,11.066477612618014,0.5207227398638365,5.344588182879475,2.041781984245543,2.547321049758852
1782152754.3783288,26.24695062637329,-162.63623517348273,200.0,0.2,5.992829638398376,8.109513140414691,1.22622135417285,0.024749668115001212,5.963665624232146,1782152754.332681,None,None,None, None, 1782152754.3551247,0.9472735573353689,apf_avoid,none,0.0,nan,nan,10.674874436125625,0.5925083405312044,5.3706243885863865,2.0227293278200027,2.561602166794148
1782152754.4797816,26.348403453826904,-200.0,171.51895296921109,0.2,6.008452103366752,7.742042466697402,1.3466166304153178,0.05277633952397241,5.971243563514547,1782152754.4762669,7.736364285594507,1.3484536518388324,6.027793184457121, 1782152754.415485, 1782152754.4837787,0.9652652205519449,apf_avoid,none,0.0,nan,nan,12.151217884580271,-0.5363931651254057,5.399915384753096,2.0030993471867555,2.5821192336483296
1782152754.5789266,26.447548389434814,-200.0,173.71407902420412,0.2,6.014575494002862,7.779709291139454,1.3361229061697353,0.031000794194081752,5.973634620272325,1782152754.5533957,None,None,None, None, 1782152754.5684128,0.9637809930090578,apf_avoid,none,0.0,nan,nan,12.117071169447915,-0.4994975964153898,5.322059510894067,2.006932128886912,2.5994478594983885
1782152754.679061,26.547682762145996,-200.0,176.61398158395255,0.2,6.023583553717965,7.834727778031602,1.321208756921803,0.05100785223033662,5.977466109813375,1782152754.6285114,None,None,None, None, 1782152754.6535425,0.9543781446882726,apf_avoid,none,0.0,nan,nan,12.06996773585191,-0.4500686434392469,5.291200216967615,1.9981689446077364,2.6167887311346836
1782152754.7787051,26.647326946258545,-200.0,183.3050613341736,0.2,6.028355277733169,7.8971472886742635,1.304968076209641,0.00033923392091374303,5.977516378469024,1782152754.7766943,None,None,None, None, 1782152754.7276235,0.9345132679375626,apf_avoid,none,0.0,nan,nan,12.022649103242863,-0.33477958217568027,5.270948404894064,1.9834696747832352,2.635624320154083
1782152754.8790398,26.747661590576172,-200.0,186.55635722756585,0.2,6.0305140875275765,7.9620621651216545,1.2882917598751895,-0.00815041765187542,5.9769230015026045,1782152754.8494976,None,None,None, None, 1782152754.8765156,0.9919820852240347,apf_avoid,none,0.0,nan,nan,11.645536445294688,-0.2684509585070818,5.262727952506265,1.9647754018772536,2.6526086036630216
1782152754.979196,26.84781789779663,-200.0,190.81721472316679,0.2,6.031085041678171,8.027768589070927,1.2714673843645024,-0.010835991900582551,5.976136141778285,1782152754.981382,None,None,None, None, 1782152754.9536664,0.9197487750701965,apf_avoid,none,0.0,nan,nan,11.24925599435106,-0.18602510421299567,5.2645901852767,1.945814624754829,2.67107914696577
1782152755.080797,26.949418783187866,-200.0,196.1763286259117,0.2,6.030163020389108,8.09403618475785,1.2544686010091013,-0.015997673343598254,5.974150495353907,1782152755.046234,None,None,None, None, 1782152755.0254855,0.9336211059446166,apf_avoid,none,0.0,nan,nan,10.849747061762237,-0.08585860032686043,5.275594176892264,1.9272173697493307,2.6879597423109756
1782152755.17839,27.047011852264404,-199.28811707133133,200.0,0.2,6.028106458395905,8.160923435754425,1.237173982180183,-0.017838487294334987,5.971864450921845,1782152755.1743863,None,None,None, None, 1782152755.1462598,1.0035330529038038,apf_avoid,none,0.0,nan,nan,10.445922266180357,0.027715925640946937,5.297344691763076,1.9130316678652683,2.7087126387214027
1782152755.2791917,27.14781355857849,-191.83035640669442,200.0,0.2,6.025276899585012,8.228189115527657,1.2195813073110884,-0.019388921969877456,5.970553949097244,1782152755.2419765,None,None,None, None, 1782152755.2343326,0.9104030454395409,apf_avoid,none,0.0,nan,nan,10.038718231048403,0.15003017434542354,5.325693251552475,1.8971859493733074,2.7250106965089675
