epoch [s],elapsed [s],x [m],y [m],z [m],roll [deg],pitch [deg],yaw [deg],broadcast
1782155327.5691338,0.07554006576538086,-5.051457794562164e-05,1.0000000005740968,0.02780279689264951,0.0,0.0,359.9999999311199,False
1782155327.6347344,0.14114069938659668,-5.0496684871042676e-05,1.0000000005772731,0.027804413104733815,0.0,0.0,359.9999999318351,False
1782155327.6990504,0.20545673370361328,-5.0477700118391536e-05,1.000000000581133,0.027804520898351313,0.0,0.0,359.99999993147514,False
1782155327.7614067,0.26781296730041504,-5.0473541382689346e-05,1.0000000005822773,0.027803658545755682,0.0,0.0,359.9999999315039,False
1782155327.8504972,0.3569035530090332,-5.047588419965516e-05,1.000000000582531,0.027801509749412586,0.0,0.0,359.99999993152113,False
1782155327.9441404,0.4505467414855957,-5.04875854898101e-05,1.0000000005810004,0.027798917093734356,0.0,0.0,359.9999999316447,False
1782155328.0202072,0.5266134738922119,-5.050178163958288e-05,1.0000000005786953,0.027796968826540206,0.0,0.0,359.99999992595053,False
1782155328.0862677,0.5926740169525146,-5.051373994686895e-05,1.000000000576532,0.027795843912944335,0.0,0.0,359.9999999309527,False
1782155328.1839247,0.690330982208252,-5.053548552108346e-05,1.0000000005714753,0.027795995616319725,0.0,0.0,359.9999999315043,False
1782155328.2557786,0.7621848583221436,-5.052693151531501e-05,1.0000000005717133,0.027799201871786493,0.0,0.0,359.9999999315243,False
1782155328.3383837,0.844789981842041,-5.049636537071697e-05,1.0000000005765584,0.027803560881992265,0.0,0.0,359.9999999316348,False
1782155328.4099612,0.9163675308227539,-5.0481110927977456e-05,1.00000000057972,0.02780470582306285,0.0,0.0,359.99999993154313,False
1782155328.4725406,0.9789469242095947,-5.047409296560578e-05,1.0000000005817031,0.027804605052743507,0.0,0.0,359.9999999315481,False
1782155328.5528066,1.0592129230499268,-5.0493284701475244e-05,1.0000000005807228,0.027799630398113777,0.0,0.0,359.9999999315719,False
1782155328.6283855,1.1347918510437012,-5.050815419530747e-05,1.0000000005783283,0.02779756072680838,0.0,0.0,359.9999999330885,False
1782155328.691786,1.1981923580169678,-5.051959256545852e-05,1.0000000005761511,0.027796248882320542,0.0,0.0,359.99999993149004,False
1782155328.7573452,1.26375150680542,-5.053208631735925e-05,1.0000000005731684,0.0277952501525147,0.0,0.0,359.99999993157314,False
1782155328.8462763,1.3526825904846191,-5.0522061448244566e-05,1.000000000571901,0.027798501909985684,0.0,0.0,359.9999999315593,False
1782155328.9248953,1.4313015937805176,-5.05080355867304e-05,1.0000000005738108,0.027800663587221514,0.0,0.0,359.99999993090387,False
1782155329.0154488,1.521855115890503,-5.0493176109656845e-05,1.0000000005763925,0.02780268860940161,0.0,0.0,359.9999999315019,False
1782155329.0820096,1.5884158611297607,-5.0474869075395916e-05,1.0000000005808993,0.027804730061743586,0.0,0.0,359.99999993151926,False
1782155329.176783,1.6831893920898438,-5.0485658191428255e-05,1.0000000005821161,0.027802423426193764,0.0,0.0,359.9999999315017,False
1782155329.2519832,1.7583894729614258,-5.0499442312035074e-05,1.0000000005804286,0.0278003517462744,0.0,0.0,359.9999999321856,False
1782155329.37534,1.8817462921142578,-5.0519877226316423e-05,1.0000000005768646,0.02779743039739552,0.0,0.0,359.9999999315893,False
1782155329.454401,1.9608073234558105,-5.053072754609347e-05,1.0000000005742224,0.02779591223043509,0.0,0.0,359.99999993153597,False
1782155329.5394828,2.045889139175415,-5.0535451206582815e-05,1.0000000005716092,0.02779523806581801,0.0,0.0,359.9999999315272,False
1782155329.646478,2.1528842449188232,-5.0519189550535304e-05,1.0000000005718186,0.02779745550357485,0.0,0.0,359.9999999317012,False
1782155329.7959702,2.3023765087127686,-5.0504685931669445e-05,1.0000000005736716,0.027799506821782064,0.0,0.0,0.0,False
1782155329.9545631,2.4609694480895996,-5.049287018181367e-05,1.0000000005756855,0.02780124260592214,0.0,0.0,359.99999993122503,False
1782155330.4242187,2.9306249618530273,-5.052722067910818e-05,1.0000000005759377,0.027797675009253106,0.0,0.0,359.9999999315082,False
1782155330.5905995,3.097005844116211,-5.052826420938121e-05,1.0000000005710739,0.02779544558274907,0.0,0.0,359.9999999315332,False
1782155330.7426877,3.249094009399414,0.00010404722738319798,1.000000000578055,0.02780219837569885,0.0,0.0,359.9999999315538,False
1782155330.9219544,3.4283607006073,0.005188141215934943,1.0000000005761065,0.02780354438066219,0.0,0.0,359.9999999315532,False
1782155331.0655646,3.5719709396362305,0.013020929006787483,1.0000000005655256,0.027797132877355073,0.0,0.0,359.99999993157894,False
1782155331.1782625,3.684668779373169,0.01622196722644999,1.0000000005605696,0.027793520237900972,0.0,0.0,359.99999993159855,False
1782155331.3138862,3.8202924728393555,0.020853610435327925,1.0000000005531953,0.02778801135251812,0.0,0.0,359.9999999316322,False
1782155331.412,3.9184062480926514,0.025832726728916025,1.0000000005452554,0.02778228644700004,0.0,0.0,359.9999999316702,False
1782155331.556406,4.062812328338623,0.033811946039765575,1.0000000005330294,0.027774823894720822,0.0,0.0,359.9999999317192,False
1782155331.6722589,4.1786651611328125,0.03939451955076277,1.0000000005251408,0.027771543722325553,0.0,0.0,359.9999999317345,False
1782155331.7774212,4.283827543258667,0.05101281708070354,1.0000000005109215,0.027770913576720763,0.0,0.0,359.9999999316978,False
1782155331.8877847,4.394191026687622,0.06305377374371691,1.0000000004988807,0.027778150426579676,0.0,0.0,359.9999999315707,False
1782155331.9919968,4.498403072357178,0.0722716516393782,1.000000000490623,0.027786654814332186,0.0,0.0,359.9999999314404,False
1782155332.0710747,4.577481031417847,0.0847303708267426,1.0000000004791656,0.027797354468908506,0.0,0.0,359.99999993127517,False
1782155332.1575155,4.66392183303833,0.10204686631283445,1.00000000045969,0.027801880004278363,0.0,0.0,359.9999999311775,False
1782155332.230843,4.737249374389648,0.12261075535517463,1.00000000043075,0.02778888767600562,0.0,0.0,359.99999993129353,False
1782155332.3103294,4.816735744476318,0.14000976947279184,1.0000000004056016,0.02777493674561927,0.0,0.0,359.9999999314204,False
1782155332.398946,4.905352354049683,0.15898899746713238,1.0000000003827374,0.027772971327847024,0.0,0.0,359.999999931379,False
1782155332.4935682,4.999974489212036,0.17166192041318432,1.000000000370282,0.027780662318341552,0.0,0.0,359.9999999312419,False
1782155332.5875292,5.093935489654541,0.18594861189250278,1.0000000003569316,0.027792164660704163,0.0,0.0,359.99999993106013,False
1782155332.6641273,5.170533657073975,0.2018488484214972,1.0000000003398928,0.02779934027859412,0.0,0.0,359.9999999309402,False
1782155332.7414575,5.24786376953125,0.21297952251163496,1.000000000325669,0.027797698583660563,0.0,0.0,359.99999993094673,False
1782155332.8685594,5.374965667724609,0.22886019078296743,1.0000000003029708,0.027787800091644804,0.0,0.0,359.99999993105456,False
1782155332.979431,5.48583722114563,0.26054917792590576,1.000000000260745,0.027774693049290665,0.0,0.0,359.99999993115006,False
1782155333.075996,5.582402229309082,0.2875171679074209,1.0000000002339415,0.027789285919089392,0.0,0.0,359.99999993087334,False
1782155333.168398,5.674804210662842,0.30500364393731577,1.0000000002155118,0.02779673614075843,0.0,0.0,359.9999999307323,False
1782155333.2412212,5.74762749671936,0.31930956058510385,1.00000000019731,0.027794701961391978,0.0,0.0,359.99999993073976,False
1782155333.3439245,5.850330829620361,0.3367695432095952,1.0000000001723686,0.027784989655478393,0.0,0.0,359.9999999308595,False
1782155333.432021,5.938427209854126,0.35261771072708475,1.000000000150284,0.02777749755550612,0.0,0.0,359.99999993094644,False
1782155333.5298018,6.036208152770996,0.37163344122180386,1.0000000001279346,0.027778790444368835,0.0,0.0,359.9999999308877,False
1782155333.636651,6.143057346343994,0.3938559185782227,1.0000000001059601,0.027790282941778124,0.0,0.0,359.9999999306567,False
1782155333.7283418,6.234748125076294,0.4081609975126303,1.0000000000907459,0.02779490953660944,0.0,0.0,359.99999993054786,False
1782155333.8279583,6.334364652633667,0.4256402513611705,1.0000000000685718,0.027792117092496918,0.0,0.0,359.99999993055593,False
1782155333.9476447,6.4540510177612305,0.44943507726761617,1.0000000000347384,0.027780800105882027,0.0,0.0,359.99999993071395,False
1782155334.0417595,6.548165798187256,0.46528181474004565,1.0000000000140699,0.02777812099114169,0.0,0.0,359.9999999307459,False
1782155334.1228716,6.629277944564819,0.47955172964426945,0.9999999999981962,0.02778176624253644,0.0,0.0,359.99999993066734,False
1782155334.2655258,6.771932125091553,0.5081396532097802,0.999999999969176,0.027793222496974183,0.0,0.0,359.99999993039927,False
1782155334.3426394,6.849045753479004,0.5224416838476877,0.9999999999521972,0.027792963140177474,0.0,0.0,359.9999999303602,False
1782155334.4607866,6.967192888259888,0.5414912744003676,0.9999999999260516,0.027785871331205563,0.0,0.0,359.9999999304493,False
1782155334.5434055,7.049811840057373,0.5577198153315733,0.9999998309666135,0.027782910610270977,0.0,0.0,359.8263594666607,False
1782155334.6600478,7.166454076766968,0.5722086723298004,0.9999937167343216,0.027793266782232384,0.0,0.0,359.1522715811137,False
1782155334.738614,7.245020389556885,0.5846406110914386,0.99993711074236,0.027802696920234144,0.0,0.0,358.6361568706958,False
1782155334.8922856,7.398691892623901,0.6089221741728501,0.9996257704868671,0.027798248118780587,0.0,0.0,358.09342335107806,False
1782155334.9837134,7.490119695663452,0.6224982941207601,0.999356409043567,0.02778745023769391,0.0,0.0,357.90049935534535,False
1782155335.0660536,7.572459936141968,0.639215083823442,0.9989479665039884,0.027777026260852326,0.0,0.0,357.74152219595004,False
1782155335.1594012,7.665807485580444,0.6589251827478589,0.9983751173567593,0.027778274099815283,0.0,0.0,357.6576938827064,False
1782155335.2411451,7.747551441192627,0.672487937767433,0.9979355291023099,0.027786496428290165,0.0,0.0,357.67048354549036,False
1782155335.3436108,7.850017070770264,0.6879663129558234,0.9974069721535372,0.027798494855513813,0.0,0.0,357.5645149440708,False
1782155335.4453406,7.951746940612793,0.6998271798052434,0.9969909757520661,0.0278065087951569,0.0,0.0,357.05901719157276,False
1782155335.5971346,8.103540897369385,0.7182615467825594,0.9962884676260867,0.027803264251828334,0.0,0.0,355.7720094073317,False
1782155335.6818168,8.188223123550415,0.7284632325696639,0.9958396352851352,0.027795967740440734,0.0,0.0,354.9342498993318,True
1782155335.8089616,8.315367937088013,0.7433451732208388,0.9950579107208419,0.02779347422886004,0.0,0.0,353.63062290329805,False
1782155335.9130952,8.419501543045044,0.7509435449620394,0.9945836927859416,0.027797304231071674,0.0,0.0,352.93969002983573,False
1782155336.0061214,8.512527704238892,0.763335696402743,0.9936781785720786,0.02780346651480322,0.0,0.0,351.7879448325418,False
1782155336.0850003,8.59140658378601,0.7714649340360913,0.9929846239175217,0.027803363614622167,0.0,0.0,351.02007202626424,False
1782155336.1735256,8.679931879043579,0.778716821912037,0.9922934739250491,0.027800577438173525,0.0,0.0,350.3289811495704,False
1782155336.2721725,8.778578758239746,0.7899067382082621,0.9910843927784257,0.027796058266296015,0.0,0.0,349.253964254295,False
1782155336.3733244,8.879730701446533,0.7986392045049595,0.9900144070625728,0.02779588326615309,0.0,0.0,348.4093224029074,False
1782155336.4771557,8.983561992645264,0.8073301380637253,0.9888346688990827,0.027798530777933678,0.0,0.0,347.56468230244565,False
1782155336.5594864,9.065892696380615,0.8167723585489519,0.987418695331794,0.027801423943198383,0.0,0.0,346.6434191974638,False
1782155336.6356401,9.142046451568604,0.8230665200346097,0.9863937174074887,0.027801840258607262,0.0,0.0,346.03124899986494,False
1782155336.7147236,9.221129894256592,0.8302173624622523,0.9851439405529826,0.027800651186354126,0.0,0.0,345.3505691167932,False
1782155336.803392,9.309798240661621,0.8400374683531405,0.9832674056184165,0.027797886246734335,0.0,0.0,344.4670830021482,False
1782155336.87948,9.385886192321777,0.8468700694782179,0.9818482175245374,0.027796566088609354,0.0,0.0,343.89656804364614,False
1782155336.9533544,9.459760665893555,0.8539443220541513,0.9802846485195621,0.0277962529909355,0.0,0.0,343.3385899897035,False
1782155337.0239222,9.530328512191772,0.8622131791596903,0.9783399618621269,0.027796924848972497,0.0,0.0,342.72733969852123,False
1782155337.096053,9.602459192276001,0.8708384334767294,0.9761825302534038,0.027797880966927098,0.0,0.0,342.13602224242317,False
1782155337.1696324,9.67603874206543,0.8788009035204063,0.9740812632234315,0.027798257297641394,0.0,0.0,341.625618326759,False
1782155337.2331445,9.739550828933716,0.8859834788375861,0.9721011003328889,0.027797960266328327,0.0,0.0,341.19033985561106,False
1782155337.3007483,9.807154655456543,0.8954923848669872,0.9693634276531927,0.027796840697522425,0.0,0.0,340.645711224982,False
1782155337.3761175,9.882523775100708,0.9052769927220399,0.9664168568829663,0.027795436963002136,0.0,0.0,340.1161822175463,False
1782155337.451584,9.957990407943726,0.9130732366923979,0.9639796056053646,0.027794544512812165,0.0,0.0,339.7162502024878,False
1782155337.5231636,10.029569864273071,0.9233578602098438,0.9606477485977103,0.02779388873351766,0.0,0.0,339.2218674553377,False
1782155337.6138878,10.120294094085693,0.9353158842093106,0.9566080861654819,0.027793392632548777,0.0,0.0,338.72382682662965,False
1782155337.7050047,10.211410999298096,0.9479549019551161,0.9521587798611885,0.02779236513434985,0.0,0.0,338.2925653812552,False
1782155337.7846134,10.291019678115845,0.9637229183163362,0.9463927449963205,0.027790415578620182,0.0,0.0,337.8301150935815,False
1782155337.8847656,10.391171932220459,0.9781130963111883,0.9409632721259709,0.02778965074048893,0.0,0.0,337.38545302648794,False
1782155337.986449,10.492855310440063,0.9926042960830628,0.9353374032686629,0.027789986420821085,0.0,0.0,336.9529281540639,False
1782155338.086521,10.59292721748352,1.0086596645369528,0.9289251949434386,0.027790671201613312,0.0,0.0,336.51602950233666,False
1782155338.1761236,10.682529926300049,1.0224555123038,0.923269530853405,0.027790091714715096,0.0,0.0,336.214270863186,False
1782155338.263747,10.770153284072876,1.033681816242116,0.9185797234207083,0.02778873886153937,0.0,0.0,336.0309616243329,False
1782155338.365888,10.872294425964355,1.0490477581415918,0.9120557962501885,0.027786946219745347,0.0,0.0,335.8724222646274,False
1782155338.4954717,11.001878023147583,1.070850510784123,0.9026365092808253,0.027787866968567568,0.0,0.0,335.8734888893544,False
1782155338.5930643,11.099470615386963,1.0865984265696478,0.8957545817362935,0.027791838199940022,0.0,0.0,336.1048820923677,False
1782155338.6744595,11.18086576461792,1.0979633406724525,0.8907716121645293,0.027795240066121496,0.0,0.0,336.4170173533456,False
1782155338.770173,11.2765793800354,1.1151429244952977,0.8832568088064806,0.027797368547314044,0.0,0.0,337.0401191779204,False
1782155338.8544827,11.360888957977295,1.128135730530027,0.8776293746381049,0.027794183173867604,0.0,0.0,337.411047361761,False
1782155338.94172,11.448126316070557,1.1377248832092024,0.8735002152448845,0.027792356449130955,0.0,0.0,337.8286671514117,False
1782155339.0287902,11.535196542739868,1.1472410966254134,0.869421572490475,0.027793567832391734,0.0,0.0,338.4409655240982,False
1782155339.1054964,11.611902713775635,1.156809899154329,0.8653553327693052,0.0277976240833056,0.0,0.0,339.1838718685833,False
1782155339.1800785,11.686484813690186,1.166557457877321,0.8612702480893439,0.02780187410851143,0.0,0.0,340.02192653303473,False
1782155339.2606761,11.767082452774048,1.174134155693808,0.8581493798440795,0.027802918842891752,0.0,0.0,340.7117022019875,False
1782155339.3419275,11.848333835601807,1.179855130213577,0.8558314836148794,0.027801960848392742,0.0,0.0,341.2488890867736,False
1782155339.423001,11.929407358169556,1.1894202826826827,0.8520424825798437,0.02779850132340619,0.0,0.0,342.17017672993256,False
1782155339.501628,12.008034229278564,1.1964565242822822,0.8493325714786988,0.02779653601603273,0.0,0.0,342.8612283092982,False
1782155339.5922267,12.098633050918579,1.2035183339319662,0.846692368490037,0.02779632019254581,0.0,0.0,343.53891215561634,False
1782155339.6732686,12.179674863815308,1.2134412087693494,0.8432503106751118,0.027796381669230555,0.0,0.0,344.07284007377604,False
1782155339.7729466,12.279352903366089,1.2292387426666422,0.8381418368461643,0.027793518815533304,0.0,0.0,344.5430095139171,False
1782155339.86016,12.36656641960144,1.2436804637731886,0.8336937034053992,0.02778900326244265,0.0,0.0,344.7405401810298,False
1782155339.9436116,12.450017929077148,1.2544784817117112,0.8304652952098573,0.02778627906156488,0.0,0.0,344.79220716295487,False
1782155340.017102,12.523508310317993,1.2668256244813811,0.8268507542374898,0.027785377092359162,0.0,0.0,344.7728906621359,False
1782155340.1001542,12.606560468673706,1.2807508352028165,0.8228461654478934,0.027787508643335845,0.0,0.0,344.66869239538613,False
1782155340.17284,12.679246425628662,1.2920488907022885,0.8196344169719622,0.02779045892721311,0.0,0.0,344.5401565455229,False
1782155340.251755,12.758161306381226,1.3049515366950968,0.8159892657639516,0.027792873814736826,0.0,0.0,344.37147342624047,False
1782155340.3344712,12.840877532958984,1.3224306738944556,0.811062361576957,0.027791837101771143,0.0,0.0,344.13403627042,False
1782155340.42655,12.932956218719482,1.3357211544253755,0.8073080050925807,0.02778820416935986,0.0,0.0,343.9614167236835,False
1782155340.5050144,13.011420726776123,1.3476522983359127,0.8039233763618707,0.027784678406158163,0.0,0.0,343.8263954742785,False
1782155340.6118155,13.118221759796143,1.3685040044145504,0.7979664193869231,0.027782875911139388,0.0,0.0,343.6630589582307,False
1782155340.7039068,13.210313081741333,1.3846230779712831,0.7933247154381434,0.02778658615302207,0.0,0.0,343.6310296450839,False
1782155340.783486,13.289892196655273,1.3976302286428752,0.7895602412153584,0.027790901303761193,0.0,0.0,343.67123221567255,False
1782155340.8656027,13.372009038925171,1.4106862216708551,0.7857702522721866,0.027793605792484,0.0,0.0,343.68107922116604,False
1782155340.9651835,13.471589803695679,1.42827001118719,0.7806532106246702,0.027792345275824755,0.0,0.0,343.6442997715916,False
1782155341.0463457,13.552752017974854,1.4416086059061812,0.7767620546442991,0.027788282179355788,0.0,0.0,343.5961704040357,False
1782155341.1271768,13.633583068847656,1.4565486407823518,0.7723927166555324,0.02778336834635346,0.0,0.0,343.54688722073706,False
1782155341.2097235,13.716129779815674,1.472976007584033,0.7675747226011079,0.027781385704064354,0.0,0.0,343.5202423720056,False
1782155341.3011506,13.807556867599487,1.486302770743231,0.7636572277008437,0.027783773778565574,0.0,0.0,343.53867916537234,False
1782155341.3807883,13.887194633483887,1.4994742383784776,0.7597810680181999,0.027788609732943222,0.0,0.0,343.61035837124706,False
1782155341.4689302,13.97533655166626,1.5139068321322142,0.7555355142628064,0.02779373871024476,0.0,0.0,343.76350729012427,False
1782155341.5579865,14.064392805099487,1.5295290942240891,0.7509537678614423,0.02779555608651569,0.0,0.0,344.02016302121035,False
1782155341.6410742,14.147480487823486,1.543463323681498,0.7468922242425794,0.027793422064463225,0.0,0.0,344.3281677253846,False
1782155341.7221434,14.228549718856812,1.5571627887669788,0.7429361181439048,0.027790159805383022,0.0,0.0,344.6916738651749,False
1782155341.8144062,14.320812463760376,1.570961437788202,0.73900661302618,0.027788056378068648,0.0,0.0,345.04608932897094,False
1782155341.9012966,14.407702922821045,1.582435834536058,0.7357919698608815,0.0277872855836647,0.0,0.0,345.25789838971093,False
1782155341.9845796,14.490985870361328,1.5971101703246608,0.7317467054343764,0.02778721254443984,0.0,0.0,345.46193872644335,False
1782155342.0660794,14.57248568534851,1.618044085986854,0.7260902380682087,0.027786793404203963,0.0,0.0,345.67995874159976,False
1782155342.139208,14.645614385604858,1.6316526128314672,0.7224760174485824,0.027785960972052152,0.0,0.0,345.7944846595123,False
1782155342.226543,14.732949256896973,1.646862717549812,0.7184872795173534,0.027785262070540925,0.0,0.0,345.90865212342624,False
1782155342.3020148,14.80842113494873,1.659060399198917,0.7153230881670496,0.027785415810350204,0.0,0.0,345.9968472116429,False
1782155342.3772001,14.883606433868408,1.6742888671211273,0.711411605296534,0.027786554914875996,0.0,0.0,346.11110638073535,False
1782155342.4434626,14.94986891746521,1.6864320877022245,0.7083215438629111,0.027787726263358414,0.0,0.0,346.2108951907782,False
1782155342.5383236,15.044729948043823,1.7015396031715535,0.7045117530274316,0.027788684293302886,0.0,0.0,346.3516778016988,True
1782155342.6161366,15.12254285812378,1.715052759490102,0.7011366114260322,0.027788739604497983,0.0,0.0,346.49805516602964,False
1782155342.697717,15.204123258590698,1.7314647277672035,0.6970809087961244,0.027788166292843114,0.0,0.0,346.70418838150397,False
1782155342.7679985,15.274404764175415,1.743331878533927,0.6941803250391707,0.027787863740347862,0.0,0.0,346.86623501130896,False
1782155342.8505383,15.356944561004639,1.7566471251339222,0.6909601697133826,0.027787960527094823,0.0,0.0,346.995289904831,False
1782155342.9277,15.434106349945068,1.771414108393063,0.6874299210270512,0.027788536363811386,0.0,0.0,347.07062581836726,False
1782155343.0037553,15.510161638259888,1.7847064889190527,0.6842842465231976,0.027789046917022154,0.0,0.0,347.0863640656143,False
1782155343.0733204,15.579726696014404,1.7950710976702642,0.681848312100636,0.02778913583467433,0.0,0.0,347.06995747442113,False
1782155343.147433,15.653839349746704,1.8099498603922934,0.6783697977209168,0.027788588371611238,0.0,0.0,347.012655423042,False
1782155343.2106235,15.717029809951782,1.81893124816544,0.6762766362441024,0.027787941659086494,0.0,0.0,346.9650173374811,False
1782155343.285695,15.792101383209229,1.832495040149723,0.6731193138239681,0.02778681342382592,0.0,0.0,346.8843722737217,False
1782155343.3611789,15.867585182189941,1.8492391471579772,0.6692199435330122,0.027785709356638842,0.0,0.0,346.7881000059567,False
1782155343.448354,15.954760313034058,1.864513024553406,0.6656548758360363,0.027785546396291168,0.0,0.0,346.7150916661555,False
1782155343.5243766,16.03078293800354,1.8781771365250084,0.6624563009784081,0.027786272477782308,0.0,0.0,346.67761901786184,False
1782155343.6004436,16.106849908828735,1.8916892364964644,0.659284698132294,0.027787660117227875,0.0,0.0,346.6838003087449,False
1782155343.6731868,16.179593086242676,1.9050376259747301,0.656145592700639,0.02778929469075398,0.0,0.0,346.74589456904374,False
1782155343.747763,16.25416922569275,1.9182247402418264,0.6530436878783107,0.027790711305977975,0.0,0.0,346.87026410700395,False
1782155343.8218062,16.32821249961853,1.9300937041173214,0.6502575691264213,0.027790886591587367,0.0,0.0,346.9882213468819,False
1782155343.8951476,16.401553869247437,1.9451995715625843,0.6467268931479506,0.02778924714687381,0.0,0.0,347.11820361595187,False
1782155343.9682522,16.474658489227295,1.957411593864993,0.6438882470891478,0.02778690545362581,0.0,0.0,347.213279732617,False
1782155344.0649998,16.57140612602234,1.972701533783985,0.6403560470822818,0.027784123144748884,0.0,0.0,347.33178611050084,False
1782155344.148694,16.655100345611572,1.9894561329393423,0.6365157611223068,0.02778328987378134,0.0,0.0,347.4746405652419,False
1782155344.2391908,16.74559712409973,2.0061292697489703,0.6327290300849717,0.027785574093988474,0.0,0.0,347.6367215676684,False
1782155344.327904,16.834310293197632,2.019699198148346,0.6296757881487277,0.027788681419877375,0.0,0.0,347.78845070240317,False
1782155344.419171,16.925577402114868,2.0361908926626593,0.6260043254174675,0.027791463299634864,0.0,0.0,348.000223436896,False
1782155344.4926736,16.999079942703247,2.0495938811737378,0.6230560547685603,0.027791620676760585,0.0,0.0,348.19690743227267,False
1782155344.5743258,17.080732107162476,2.0629127768783713,0.6201618882776703,0.027790096683813655,0.0,0.0,348.4143748432364,False
1782155344.6544764,17.160882711410522,2.0776296317747915,0.6170102872724087,0.02778796298543829,0.0,0.0,348.6768424384071,False
1782155344.7343857,17.24079203605652,2.0908148614060496,0.6142325932354258,0.027787079991347784,0.0,0.0,348.928695524692,False
1782155344.8085868,17.314993143081665,2.1025834952127784,0.6117944685623575,0.027787373577291212,0.0,0.0,349.14081738314826,False
1782155344.8769333,17.383339643478394,2.1160160363656364,0.6090620471300761,0.02778816011301324,0.0,0.0,349.3219621091794,False
1782155344.9732857,17.479691982269287,2.1325435017149306,0.6057679121622397,0.027788808285745495,0.0,0.0,349.474136550862,False
1782155345.0670536,17.57345986366272,2.1476311094161376,0.602818391633938,0.02778838219620258,0.0,0.0,349.5615935035869,False
1782155345.13005,17.63645625114441,2.1597407292195676,0.6004848415670624,0.027787508850770342,0.0,0.0,349.6043274796153,False
1782155345.1987002,17.705106496810913,2.1734075167881937,0.5978811247344996,0.027786587466711116,0.0,0.0,349.6289649293059,False
1782155345.2655125,17.771918773651123,2.184069741809988,0.5958678381335312,0.027786291369857677,0.0,0.0,349.6336103014564,False
1782155345.3587327,17.86513900756836,2.1993708574690802,0.5930000452376898,0.027786599608309988,0.0,0.0,349.62495440273057,False
1782155345.4258158,17.93222212791443,2.2147500982287736,0.590136051072537,0.027787252057410287,0.0,0.0,349.6034715428696,False
1782155345.4954822,18.001888513565063,2.227114554288658,0.5878422959314769,0.02778742225830453,0.0,0.0,349.58235288449254,False
1782155345.5705333,18.076939582824707,2.237970517292196,0.5858323631411013,0.02778709481881401,0.0,0.0,349.56491983287214,False
1782155345.6383708,18.144777059555054,2.2503662197214185,0.5835399153142963,0.027786391755838778,0.0,0.0,349.55173580313027,False
1782155345.6969006,18.203306913375854,2.262720188289236,0.5812566598986019,0.02778579143535687,0.0,0.0,349.55078075880886,False
1782155345.7600255,18.26643180847168,2.275032038192909,0.5789822914899706,0.02778574610239766,0.0,0.0,349.5625152523032,False
1782155345.8241732,18.33057951927185,2.285791604839245,0.5769957969337772,0.027786281253053362,0.0,0.0,349.56526064747567,False
1782155345.9012508,18.407657146453857,2.299642183827,0.5744400231453262,0.027787454981701692,0.0,0.0,349.5565431038463,False
1782155345.9791632,18.4855694770813,2.31508961486651,0.571590367843451,0.027788433333974395,0.0,0.0,349.5380036919115,False
1782155346.0461614,18.552567720413208,2.327506251226633,0.5692993294714228,0.02778823046259746,0.0,0.0,349.5229734081389,False
1782155346.1052592,18.61166548728943,2.33681329999417,0.5675813209949846,0.02778748187966232,0.0,0.0,349.5156618141528,False
1782155346.1789756,18.68538188934326,2.3491825715264687,0.5652968876591958,0.027786095974344824,0.0,0.0,349.51630181830717,False
1782155346.2512558,18.757662057876587,2.3660813018192224,0.5621746132838973,0.027784887331997934,0.0,0.0,349.5470278904165,False
1782155346.3374734,18.84387969970703,2.3798061151086767,0.5596398497620189,0.027785581173990236,0.0,0.0,349.6051462348916,False
1782155346.4049313,18.91133761405945,2.3904157793590377,0.557683277533305,0.02778719226703339,0.0,0.0,349.67462040223177,False
1782155346.475419,18.981825351715088,2.4024727989060772,0.555465735428655,0.027789484345886652,0.0,0.0,349.78165698950886,False
1782155346.5473328,19.053739070892334,2.4174452602398735,0.5527263472058745,0.027791496026757886,0.0,0.0,349.95615260878907,False
1782155346.621942,19.128348350524902,2.4308506108472003,0.5502936501398534,0.02779145162630898,0.0,0.0,350.14526755761847,False
1782155346.697057,19.203463315963745,2.4412404266634877,0.5484253977010052,0.027790303817005844,0.0,0.0,350.30919286057605,False
1782155346.7914717,19.29787802696228,2.4576185485191164,0.5455194374216427,0.0277877535730058,0.0,0.0,350.57595379446246,False
1782155346.8621755,19.368581771850586,2.4728403971783512,0.5428701040743504,0.027785718704811203,0.0,0.0,350.780604875643,False
1782155346.9312656,19.437671899795532,2.4851550038405015,0.5407635909819734,0.027785056564555058,0.0,0.0,350.9192555052673,False
1782155346.9989157,19.505321979522705,2.4959911043892196,0.5389364683757075,0.027785151497395688,0.0,0.0,351.02643015741796,False
1782155347.0657547,19.572160959243774,2.508424682493023,0.5368692198778687,0.027785669740525456,0.0,0.0,351.1367888974065,False
1782155347.1337152,19.640121459960938,2.5224594216352445,0.5345712300064173,0.027786272488000835,0.0,0.0,351.2494485010344,False
1782155347.1993036,19.70570993423462,2.533394044320743,0.5328052940954733,0.02778655955986145,0.0,0.0,351.3306126855564,False
1782155347.2653773,19.771783590316772,2.5443271233912106,0.5310596765714151,0.027786693572387142,0.0,0.0,351.40878135912743,False
1782155347.334503,19.840909242630005,2.5583197284317385,0.5288529800772009,0.027786883166063384,0.0,0.0,351.51550942369505,False
1782155347.4110482,19.917454481124878,2.573812672180255,0.5264447074665447,0.02778718377338816,0.0,0.0,351.6426936051769,False
1782155347.479672,19.9860782623291,2.584639065609864,0.5247835219021637,0.02778740507594612,0.0,0.0,351.7364156046503,False
1782155347.5599427,20.066349029541016,2.593907512984465,0.5233755993418959,0.027787549802432476,0.0,0.0,351.8200638074974,False
1782155347.6309779,20.137384176254272,2.60779065381462,0.5212914919513993,0.027787608624518293,0.0,0.0,351.9516141279511,False
1782155347.7097235,20.216129779815674,2.6231931077558532,0.5190149257818041,0.027787436218964623,0.0,0.0,352.1059791857513,False
1782155347.8363094,20.342715740203857,2.644771357531149,0.515891259503679,0.027787015840306073,0.0,0.0,352.3112335593173,False
1782155347.9054337,20.411839962005615,2.6571256919530444,0.5141375976166428,0.02778686554963883,0.0,0.0,352.39912807046613,False
1782155347.9856553,20.492061614990234,2.6740956908351303,0.5117668906159489,0.027786977038001173,0.0,0.0,352.48430922478127,False
1782155348.0559366,20.562342882156372,2.6848967771758665,0.5102786976343986,0.027787154779786594,0.0,0.0,352.520472853416,False
1782155348.121107,20.62751340866089,2.695706988928233,0.5088033061772587,0.027787316210675855,0.0,0.0,352.544864483056,False
1782155348.198627,20.70503330230713,2.7111742340539213,0.5067130215659047,0.02778737770765436,0.0,0.0,352.56234570265667,False
1782155348.2677805,20.774186849594116,2.72512298140375,0.5048447469680823,0.027787199832884437,0.0,0.0,352.563507744032,False
1782155348.3479621,20.854368448257446,2.7375423925766116,0.5031914320854973,0.027786904845415857,0.0,0.0,352.5543692002782,False
1782155348.4078925,20.91429877281189,2.7484358229281054,0.5017470022514574,0.027786594174511504,0.0,0.0,352.5412816219146,False
1782155348.4749951,20.981401443481445,2.7624780153199517,0.499890322291323,0.02778624209678224,0.0,0.0,352.52017296197465,False
1782155348.5448463,21.051252603530884,2.776560115085485,0.4980316564417541,0.027786043145886653,0.0,0.0,352.49726876163805,True
1782155348.6141837,21.12058997154236,2.7875240987635803,0.4965853243914799,0.02778604469698655,0.0,0.0,352.48090019872245,False
1782155348.688511,21.19491720199585,2.798483507986085,0.4951394099717028,0.02778618276801724,0.0,0.0,352.46822885792074,False
1782155348.7656937,21.27209997177124,2.8172414417244385,0.49266304183722553,0.027786621403258476,0.0,0.0,352.45791580180247,False
1782155348.8511167,21.35752296447754,2.832890599924584,0.49059525011551247,0.027786875438510536,0.0,0.0,352.4469904998947,False
1782155348.9112165,21.417622804641724,2.842287261156225,0.48935268778272595,0.02778691023812035,0.0,0.0,352.438141680439,False
1782155348.9888382,21.49524450302124,2.8548209829074556,0.4876939416374497,0.02778679872118364,0.0,0.0,352.4251862937013,False
1782155349.0651915,21.571597814559937,2.8720521469816713,0.485410540828921,0.02778643955166149,0.0,0.0,352.41325173703956,False
1782155349.130409,21.636815309524536,2.884550169490351,0.48375219802849606,0.02778624428662132,0.0,0.0,352.4142494734403,False
1782155349.199643,21.70604920387268,2.8954533447135864,0.4823043603359014,0.027786260895968574,0.0,0.0,352.42478979391547,False
1782155349.2678921,21.774298429489136,2.907866788957452,0.48065555788824726,0.027786593561547463,0.0,0.0,352.45178425495266,False
1782155349.330844,21.837250232696533,2.9217733738597538,0.47880972367229224,0.02778731391395616,0.0,0.0,352.5042811826775,False
1782155349.4064074,21.912813663482666,2.934038998782928,0.47718507097457663,0.02778815499887486,0.0,0.0,352.57887571070694,False
1782155349.473105,21.979511260986328,2.944661823599924,0.475782843478475,0.027788929850576783,0.0,0.0,352.67372933288664,False
1782155349.5424435,22.0488498210907,2.958208974128494,0.4740054478707057,0.02778966168120628,0.0,0.0,352.8327931575394,False
1782155349.609535,22.115941286087036,2.9716755212844443,0.47225668155134565,0.027789892501246232,0.0,0.0,353.02564593377144,False
1782155349.6787136,22.18511986732483,2.9821157491577526,0.47091767340209595,0.027789743020341123,0.0,0.0,353.1932529528149,False
1782155349.7481709,22.254577159881592,2.9925388403153437,0.46959890903663587,0.027789418066851545,0.0,0.0,353.37210424611516,False
1782155349.8138204,22.320226669311523,3.0044388117993415,0.46811906039937895,0.027789010893935817,0.0,0.0,353.5864779286992,False
1782155349.8801694,22.38657569885254,3.0179061628871398,0.46648300962570116,0.027788532099576074,0.0,0.0,353.82473559998215,False
1782155349.944166,22.45057225227356,3.028555620302216,0.46522185340579125,0.027787951574443567,0.0,0.0,353.98924091815564,False
1782155350.0238945,22.530300855636597,3.040858560798003,0.4638006928504909,0.027787173123392295,0.0,0.0,354.1520472977201,False
1782155350.0958686,22.602274894714355,3.0548026885101334,0.46223465111164463,0.027786323776725567,0.0,0.0,354.30390099474624,False
1782155350.163961,22.67036724090576,3.0688010944091384,0.4607071229359643,0.027785750861821428,0.0,0.0,354.42892412131084,False
1782155350.2300298,22.736436128616333,3.08125542769248,0.4593824719739845,0.027785681390848055,0.0,0.0,354.5196209219863,False
1782155350.2981343,22.804540634155273,3.0921461793700606,0.45824822379587454,0.027786025427825937,0.0,0.0,354.58363709321213,False
1782155350.370833,22.877239227294922,3.1045731492747084,0.4569786323697498,0.027786802865254305,0.0,0.0,354.63861458088894,False
1782155350.4425082,22.948914527893066,3.1200835717263717,0.455426159464601,0.027787926213317014,0.0,0.0,354.68104786228514,False
1782155350.5112643,23.01767063140869,3.1324771735685837,0.4542071363691535,0.027788520592312814,0.0,0.0,354.69431381026214,False
1782155350.5846944,23.091100692749023,3.143312502428392,0.45315396693005244,0.027788602255311795,0.0,0.0,354.6906570441405,False
1782155350.6628025,23.169208765029907,3.1603302707254337,0.45151739427495213,0.02778788656182292,0.0,0.0,354.65682100736467,False
1782155350.7301779,23.236584186553955,3.1742562159396677,0.45018814834769794,0.0277869299664834,0.0,0.0,354.6062252673565,False
1782155350.7994888,23.30589509010315,3.185092038420371,0.449156421993272,0.027786342005634436,0.0,0.0,354.55444308257984,False
1782155350.8636281,23.37003445625305,3.1959365956887966,0.44812349136962226,0.02778611730372824,0.0,0.0,354.4937340414418,False
1782155350.9252384,23.431644678115845,3.2099042609095756,0.44678893593689034,0.027786410928380943,0.0,0.0,354.4064659981209,False
1782155350.9884794,23.494885683059692,3.222349922952083,0.44559265038598295,0.027786989406157935,0.0,0.0,354.3235347353128,False
1782155351.0824983,23.58890461921692,3.236397356997301,0.4442309475753032,0.027787491442248527,0.0,0.0,354.2292384569244,False
1782155351.148013,23.654419422149658,3.248941839608627,0.4430024092823469,0.027787422308692366,0.0,0.0,354.15070273050753,False
1782155351.2199967,23.72640299797058,3.2646289913916338,0.4414477877254454,0.027786747322216098,0.0,0.0,354.06604728465453,False
1782155351.2916472,23.7980535030365,3.277161439625947,0.4401907367390066,0.027786098052341373,0.0,0.0,354.0106759113805,False
1782155351.3619556,23.868361949920654,3.2880993386986708,0.43908294131694875,0.027785799997326815,0.0,0.0,353.97345360809106,False
1782155351.4331503,23.93955659866333,3.3021065199403212,0.43765079490475495,0.02778610294002346,0.0,0.0,353.94522015338003,False
1782155351.5017414,24.008147716522217,3.3159911363839853,0.4362184158830152,0.027787253131474843,0.0,0.0,353.95137625201704,False
1782155351.5919163,24.09832262992859,3.3297163567143917,0.4347936362109717,0.027788879888610903,0.0,0.0,354.0072314220322,False
1782155351.6662405,24.17264676094055,3.3418191058999236,0.4335342495086602,0.02779010679862432,0.0,0.0,354.0987967997715,False
1782155351.741981,24.248387336730957,3.3568462140203223,0.4319742021765243,0.02779071786231903,0.0,0.0,354.2646007443685,False
1782155351.8245666,24.330972909927368,3.371790761250067,0.43043666874797476,0.02779018661124189,0.0,0.0,354.4772781135355,False
1782155351.8922048,24.398611068725586,3.3822671008123275,0.4293733559177713,0.027789327562015208,0.0,0.0,354.6406893445813,False
1782155351.9674563,24.473862648010254,3.395850856414246,0.4280192703949579,0.027787997905453412,0.0,0.0,354.8485911904772,False
1782155352.0392356,24.545641899108887,3.4111011332774686,0.42653836536684325,0.027786823130384577,0.0,0.0,355.06771170383183,False
1782155352.1053343,24.611740589141846,3.4218431569606453,0.4255224815951486,0.027786435316768703,0.0,0.0,355.2142687630131,False
1782155352.1804764,24.686882734298706,3.432623368867605,0.4245266751693146,0.02778640916622831,0.0,0.0,355.3558878520291,False
1782155352.2553067,24.7617130279541,3.4480744590411603,0.4231417967740498,0.027786777227294734,0.0,0.0,355.55027247515665,False
1782155352.3138783,24.820284605026245,3.460469807281901,0.42206728119253334,0.02778716313740302,0.0,0.0,355.69956347663344,False
1782155352.3910263,24.897432565689087,3.4728929109400064,0.42102293444599004,0.027787431474743572,0.0,0.0,355.84343933269633,False
1782155352.464961,24.971367359161377,3.4853478587847078,0.4200083837403304,0.0277874709358687,0.0,0.0,355.9810426544188,False
1782155352.532065,25.038471221923828,3.5009640854630977,0.41878137906457574,0.027787186523136647,0.0,0.0,356.14318623672733,False
1782155352.5958083,25.102214574813843,3.5135111129916363,0.4178309318723966,0.027786747344763846,0.0,0.0,356.2621760121302,False
1782155352.6887665,25.195172786712646,3.5276738177897498,0.4167942261900483,0.02778620315312497,0.0,0.0,356.3814957932346,False
1782155352.7611318,25.26753807067871,3.5402550962197363,0.41590326137820055,0.027785928885984707,0.0,0.0,356.47201969316876,False
1782155352.821745,25.3281512260437,3.5543753869807686,0.41493428109162644,0.027786023113476388,0.0,0.0,356.5546226517376,False
1782155352.896364,25.402770280838013,3.5684585127129416,0.4139974302286293,0.02778652838781585,0.0,0.0,356.6167346501053,False
1782155352.9715347,25.477941036224365,3.579382359864209,0.41328878201307784,0.027787105026516514,0.0,0.0,356.6496507193512,False
1782155353.0615613,25.567967653274536,3.596511089093826,0.4122045524814948,0.027787946957849422,0.0,0.0,356.674285296429,False
1782155353.1246774,25.631083726882935,3.6105162298335185,0.4113377767310036,0.027788207099890314,0.0,0.0,356.6719228439189,False
1782155353.1843216,25.690727949142456,3.6214114252171394,0.41067265513201767,0.027788027058793865,0.0,0.0,356.65710158817194,False
1782155353.2570453,25.76345157623291,3.632311610318152,0.41001292608838447,0.027787556243832025,0.0,0.0,356.63191297420394,False
1782155353.3254948,25.83190107345581,3.644771614446814,0.40926305295354837,0.02778686425237913,0.0,0.0,356.5909772190044,False
1782155353.396173,25.902579307556152,3.6603474405762806,0.40832755289090267,0.02778621893319506,0.0,0.0,356.5228631968255,False
1782155353.4592361,25.96564245223999,3.6712516757715994,0.4076710024792179,0.02778614489074733,0.0,0.0,356.46513741396524,False
1782155353.5298688,26.036275148391724,3.682168318884266,0.4070101732020236,0.02778639688013421,0.0,0.0,356.4016849044167,False
1782155353.5961266,26.102532863616943,3.694680957737606,0.4062461281933899,0.02778688409433976,0.0,0.0,356.3293999875008,False
1782155353.661856,26.168262243270874,3.7103811290893987,0.4052746399878531,0.027787316693534386,0.0,0.0,356.24980687314246,False
1782155353.7425163,26.24892258644104,3.7245137523897767,0.4043865173485901,0.02778727531573585,0.0,0.0,356.19161068513836,False
1782155353.8101451,26.316551446914673,3.7354912343896487,0.40368753996737167,0.02778696590955649,0.0,0.0,356.1565033031765,False
1782155353.8762913,26.382697582244873,3.748015134496485,0.40288071887220156,0.027786525177476262,0.0,0.0,356.1283160146128,False
1782155353.9460347,26.452440977096558,3.762072839244862,0.4019642986037453,0.027786292932831413,0.0,0.0,356.11358202477527,False
1782155354.017744,26.524150371551514,3.77457223252451,0.40114134256370165,0.027786471604073475,0.0,0.0,356.11230471828696,False
1782155354.1031413,26.60954761505127,3.785509654747883,0.4004163077649536,0.027786899600987704,0.0,0.0,356.1202936883844,False
1782155354.1818056,26.688211917877197,3.8057589084233028,0.399066409585466,0.027787866392368438,0.0,0.0,356.1683671156628,False
1782155354.256083,26.762489318847656,3.8197142832807995,0.3981346470122765,0.02778815159513649,0.0,0.0,356.2317535346064,True
1782155354.3157306,26.822136878967285,3.8289952199241575,0.39751659006861556,0.027788066399918744,0.0,0.0,356.28745861073776,False
1782155354.3874102,26.893816471099854,3.841346807862565,0.3966986393292596,0.027787734299525142,0.0,0.0,356.3774473616958,False
1782155354.4660501,26.972456455230713,3.8582991268902234,0.3955901382677045,0.02778733047080811,0.0,0.0,356.5272449137744,False
1782155354.5432053,27.049611568450928,3.870624424643583,0.3947988833604582,0.027787316577068365,0.0,0.0,356.6504707875881,False
1782155354.608933,27.115339279174805,3.8814143891412014,0.394119139866787,0.02778749564875716,0.0,0.0,356.7653247870089,False
1782155354.6760542,27.18246054649353,3.8937564014076154,0.3933589901752013,0.027787764916221355,0.0,0.0,356.90214976342395,False
1782155354.7447174,27.251123666763306,3.909202677881421,0.39243736763741904,0.027787907310228496,0.0,0.0,357.0783640865846,False
1782155354.8179321,27.32433843612671,3.9215817582255537,0.3917251770854554,0.027787736104285865,0.0,0.0,357.2206148131565,False
1782155354.8801756,27.386581897735596,3.9308921839314626,0.39120621293929797,0.027787446998289993,0.0,0.0,357.3253275511036,False
1782155354.9453144,27.451720714569092,3.9433773935507954,0.39053388084830815,0.027786886877853897,0.0,0.0,357.45559975606386,False
1782155355.0148833,27.521289587020874,3.9590651326994553,0.38972751647950826,0.027786219885721938,0.0,0.0,357.6046012366281,False
1782155355.0915148,27.597921133041382,3.9716505205881165,0.38911097770123526,0.027785925314975684,0.0,0.0,357.71514112680376,False
1782155355.1563597,27.662765979766846,3.9826732558082307,0.38859257466448743,0.0277858999415809,0.0,0.0,357.80736853660693,False
1782155355.221629,27.72803521156311,3.9952921876939866,0.38802324085750656,0.027786055483807776,0.0,0.0,357.9064070535319,False
1782155355.2972581,27.803664445877075,4.011089844185114,0.38734538270578206,0.027786365686450536,0.0,0.0,358.0197752457284,False
1782155355.367859,27.87426519393921,4.022154695186086,0.38689258294071327,0.027786556961416742,0.0,0.0,358.0912689130678,False
1782155355.4418173,27.94822359085083,4.034782872495286,0.38639655170552456,0.027786718231895286,0.0,0.0,358.1628395327963,False
1782155355.5054786,28.011884927749634,4.048945049753047,0.3858646742262188,0.027786851712139612,0.0,0.0,358.2271391460659,False
1782155355.579655,28.086061239242554,4.063055939722609,0.3853579236051962,0.027786988394258024,0.0,0.0,358.271919724992,False
1782155355.668772,28.175178289413452,4.0771122012681715,0.3848730733023944,0.027787201184571054,0.0,0.0,358.2942601329271,False
1782155355.8084998,28.314906120300293,4.0911112091302515,0.38440633439673555,0.027787515555371876,0.0,0.0,358.29056112152745,False
1782155355.8901114,28.396517753601074,4.112799719074395,0.3837048362406979,0.027788001591873536,0.0,0.0,358.2282182216762,False
1782155355.9617708,28.46817708015442,4.131400113936984,0.383111745435969,0.027787947058102523,0.0,0.0,358.13272156814156,False
1782155356.025665,28.532071352005005,4.145367728449845,0.38266376259996215,0.027787563403708585,0.0,0.0,358.04177935125773,False
1782155356.0940866,28.60049295425415,4.156248396358096,0.38230971567298977,0.0277871511503643,0.0,0.0,357.9630521078382,False
1782155356.1664553,28.672861576080322,4.167153752291689,0.3819481007174222,0.02778674247665387,0.0,0.0,357.88073581348306,False
1782155356.234694,28.741100311279297,4.181221231272245,0.38146873466425846,0.02778636732653009,0.0,0.0,357.7741049398721,False
1782155356.2990344,28.805440664291382,4.19533953602565,0.3809702609100641,0.02778625367354594,0.0,0.0,357.6697768437321,False
1782155356.3753362,28.881742477416992,4.207932067689148,0.38050924763846183,0.0277863133650727,0.0,0.0,357.5816508216897,False
1782155356.4404848,28.94689106941223,4.218981842734935,0.38009123266889644,0.027786386669662433,0.0,0.0,357.5094213040625,False
1782155356.5087168,29.01512312889099,4.2332008298180765,0.3795345030256238,0.02778643674397798,0.0,0.0,357.4247930187695,False
1782155356.5758965,29.082302808761597,4.247413627222428,0.37895702555695454,0.027786415772071325,0.0,0.0,357.35035085502614,False
1782155356.6676385,29.174044847488403,4.261603035225023,0.37836030361950507,0.027786412136298726,0.0,0.0,357.28791986072196,False
1782155356.754224,29.2606303691864,4.277331770183136,0.3776767943306818,0.02778656978649786,0.0,0.0,357.2347869243663,False
1782155356.816284,29.32269024848938,4.2793397673164115,0.3736684329648645,0.026855388487223582,0.0,0.0,357.91150986019386,False
1782155356.8860211,29.392427444458008,4.282605687279869,0.3681362764348913,0.026159917163219228,0.0,0.0,358.89039942387234,False
1782155356.9643683,29.47077465057373,4.2856786062214525,0.3637992983014419,0.026412868738172418,0.0,0.0,359.88223069555454,False
1782155357.031447,29.537853240966797,4.287690779762759,0.36052760618432605,0.02685965022307133,0.0,0.0,0.6405532993752657,False
1782155357.10001,29.60641622543335,4.289679283999526,0.3570660941499023,0.02731971878874781,0.0,0.0,1.4447421137539218,False
1782155357.203186,29.70959234237671,4.292717817165342,0.352056441593135,0.027551309491206294,0.0,0.0,2.617482936415864,False
1782155357.283003,29.789409399032593,4.29422053014914,0.34964607950902,0.027448244341613533,0.0,0.0,3.1863959144579934,False
1782155357.3555138,29.86192011833191,4.295985089085229,0.34687252954247566,0.02725800241926825,0.0,0.0,3.8454137360928375,False
1782155357.4417005,29.94810676574707,4.298223643234289,0.34346937730465327,0.027137572891194048,0.0,0.0,4.6605864022514085,False
1782155357.503746,30.010152339935303,4.299424837178156,0.34169803587734565,0.027199751838469698,0.0,0.0,5.088185560778672,False
1782155357.574908,30.08131432533264,4.300352321848048,0.3403568992762129,0.02730631283637358,0.0,0.0,5.413430328158227,False
1782155357.6666737,30.17307996749878,4.301518346990873,0.3386972507866189,0.027472889311315266,0.0,0.0,5.817717956961985,False
1782155357.733225,30.239631414413452,4.302180767869562,0.33776214746630767,0.027532091162489676,0.0,0.0,6.046314094225852,False
1782155357.807963,30.314369201660156,4.302564724761899,0.3372178030639264,0.027501055477084677,0.0,0.0,6.1794265551694245,False
1782155357.8771665,30.383572816848755,4.302787363624629,0.33690173589783595,0.02741971058390754,0.0,0.0,6.256527239518057,False
1782155357.9553106,30.461716890335083,4.30310489929649,0.33644401210088937,0.027253782007745087,0.0,0.0,6.368001584980004,False
1782155358.0205283,30.52693462371826,4.30334660576474,0.3360970378070331,0.027171200741655986,0.0,0.0,6.452901635298446,False
1782155358.090614,30.597020387649536,4.303476766567661,0.3359167407804151,0.027193389288099234,0.0,0.0,6.497329748329405,False
1782155358.17189,30.678296327590942,4.303523379146606,0.33586319066012954,0.027313748712208367,0.0,0.0,6.51066092800725,False
1782155358.2350452,30.741451501846313,4.3033737299426615,0.3360840692408537,0.027469221316110803,0.0,0.0,6.456860844148531,False
1782155358.3032541,30.8096604347229,4.303069398597954,0.33651386100508174,0.02755608163127286,0.0,0.0,6.351855587819779,False
1782155358.3713837,30.877789974212646,4.3026824608252685,0.33705519197886286,0.027555609393237764,0.0,0.0,6.219255534799837,False
1782155358.4401894,30.946595668792725,4.302119957706631,0.3378405489722535,0.027473575473535145,0.0,0.0,6.026543856157358,False
1782155358.5057735,31.012179851531982,4.30135818355099,0.33890917775687013,0.02734480418782862,0.0,0.0,5.764493321658887,False
1782155358.5773668,31.083773136138916,4.300591495618019,0.34000212073853747,0.027269699703662203,0.0,0.0,5.497336224716279,False
1782155358.6524901,31.158896446228027,4.2997584085505585,0.34121044434627723,0.027266819494846387,0.0,0.0,5.203293180622479,False
1782155358.7459083,31.252314567565918,4.298644119272542,0.34285542728467633,0.027344498874102452,0.0,0.0,4.805145674468599,False
1782155358.8161118,31.32251811027527,4.2977063360897265,0.3442572043215578,0.02742077079582953,0.0,0.0,4.467503016473239,False
1782155358.9092493,31.415655612945557,4.296191163279379,0.3465623746549227,0.027453963132819663,0.0,0.0,3.914914770978467,False
1782155359.0032535,31.50965976715088,4.294909733006292,0.34853132225585004,0.027348697232575093,0.0,0.0,3.445259216444375,False
1782155359.1254423,31.631848573684692,4.29340130877555,0.35089502574462733,0.027252982507569655,0.0,0.0,2.8850726417919956,False
1782155359.2055554,31.71196174621582,4.292420127190431,0.3524715376970572,0.027285463891875198,0.0,0.0,2.5135122093455244,False
1782155359.303748,31.81015419960022,4.291531600427151,0.35392325117418005,0.027354201297623556,0.0,0.0,2.1727831891294747,False
1782155359.378334,31.884740352630615,4.290621852133348,0.3554257816809361,0.027416357068716757,0.0,0.0,1.8215520549227018,False
1782155359.445487,31.95189332962036,4.289579690782749,0.35716965117866306,0.027440576632418796,0.0,0.0,1.4154049283180195,False
1782155359.506081,32.01248741149902,4.288724730812089,0.35861878552670207,0.027420844970673295,0.0,0.0,1.0789788344298827,False
1782155359.5766397,32.083045959472656,4.287964862304895,0.3599222905623506,0.02738695212902486,0.0,0.0,0.7772133426812563,False
1782155359.6455436,32.151949882507324,4.287196062428877,0.3612577604261481,0.02735360650490322,0.0,0.0,0.468955755891935,False
1782155359.7087798,32.21518611907959,4.286306602665388,0.36282460462143257,0.027333457149526508,0.0,0.0,0.10854843273344836,False
1782155359.7794812,32.285887479782104,4.2850113801660985,0.3647355575641289,0.02733071450706468,0.0,0.0,359.67125299325244,False
1782155359.8696978,32.37610411643982,4.283862348594801,0.3663750978211673,0.027362330324014014,0.0,0.0,359.29822674952175,False
1782155359.9395678,32.44597411155701,4.283304170971748,0.36717796141390496,0.02735511719599064,0.0,0.0,359.11595747829637,False
1782155360.0252006,32.531606912612915,4.282816859317368,0.3678760402731101,0.02731099770260987,0.0,0.0,358.95769673383757,False
1782155360.0873208,32.593727111816406,4.2825624343282325,0.36823733879475035,0.02724288037291609,0.0,0.0,358.8759485573154,False
1782155360.1448271,32.651233434677124,4.282685906049273,0.36805529340395116,0.027208892042150188,0.0,0.0,358.91711779170254,False
1782155360.2043877,32.71079397201538,4.282958354632423,0.3676358561366013,0.02723829493811289,0.0,0.0,359.01108285925005,True
1782155360.2659717,32.77237796783447,4.283177902417837,0.36721300826885656,0.02741042716260123,0.0,0.0,359.09404831428594,False
1782155360.3345585,32.840964794158936,4.283446489311201,0.36662049125783047,0.027800465458017804,0.0,0.0,359.19405615723264,False
1782155360.3991802,32.90558648109436,4.283743734391364,0.3659754452914678,0.028221595314548986,0.0,0.0,359.29323442811824,False
1782155360.4597673,32.96617364883423,4.283986941457675,0.36552009476942116,0.02836751223364841,0.0,0.0,359.36338679160986,False
1782155360.5238094,33.03021574020386,4.284227076764345,0.3651309090939815,0.028300150550254446,0.0,0.0,359.4392222680475,False
1782155360.596415,33.102821350097656,4.284503847475602,0.36474641968058824,0.028003205898179465,0.0,0.0,359.5282743418497,False
1782155360.6595442,33.165950536727905,4.284818078392291,0.3643451511137874,0.02757622974702853,0.0,0.0,359.62646851172786,False
1782155360.719119,33.22552537918091,4.285057981399661,0.36402853960807763,0.027345420627538985,0.0,0.0,359.7009435991633,False
1782155360.780697,33.28710341453552,4.285257365298311,0.3637436745784326,0.027296233400658523,0.0,0.0,359.7632832788113,False
1782155360.8673472,33.37375354766846,4.285513369716658,0.3633482149220038,0.027457417345901236,0.0,0.0,359.84461184565095,False
1782155360.9239347,33.43034100532532,4.285757922514868,0.3629471593636089,0.027787570429151,0.0,0.0,359.9224295938099,False
1782155360.9885583,33.494964599609375,4.286001197270274,0.3624862460362033,0.02816835155087948,0.0,0.0,0.010924512153564572,False
1782155361.0811675,33.587573766708374,4.285755318561719,0.36225746403717646,0.028152545514097915,0.0,0.0,0.06554900548417077,False
1782155361.1422894,33.64869570732117,4.285613830079857,0.36215386268300304,0.02799010844988012,0.0,0.0,0.09422586165728294,False
1782155361.2438152,33.750221490859985,4.285565978588963,0.3621217849885903,0.027920740247314897,0.0,0.0,0.10359848950718355,False
